date,high,low,close,change,最近N1个交易日的最高点,最近N2个交易日的最低点,当天的仓位,资金指数
2013-01-04,2296.11,2256.56,2276.99,0.00346388263343,2296.11,2256.56,,
2013-01-07,2293.32,2266.86,2285.36,0.0036759054717,2296.11,2266.86,,
2013-01-08,2289.14,2262.98,2276.07,-0.00406500507579,2296.11,2266.86,,
2013-01-09,2283.9,2259.05,2275.34,-0.000320728272856,2296.11,2266.86,,
2013-01-10,2295.48,2268.65,2283.66,0.00365659637681,2296.11,2268.65,,
2013-01-11,2290.21,2234.95,2243.0,-0.0178047520209,2296.11,2268.65,,
2013-01-14,2317.62,2235.11,2311.74,0.0306464556398,2317.62,2268.65,,
2013-01-15,2332.78,2309.32,2325.68,0.006030089889,2332.78,2309.32,0.0,2269.13
2013-01-16,2326.76,2279.51,2309.5,-0.00695710501875,2332.78,2309.32,0.0,2269.13
2013-01-17,2305.6,2275.88,2284.91,-0.0106473262611,2332.78,2234.95,0.0,2269.13
2013-01-18,2324.51,2285.97,2317.07,0.014074952624,2332.78,2234.95,0.0,2269.13
2013-01-21,2329.58,2305.1,2328.22,0.00481211184815,2332.78,2234.95,0.0,2269.13
2013-01-22,2335.81,2301.3,2315.14,-0.00561802578794,2335.81,2234.95,0.0,2269.13
2013-01-23,2325.12,2296.49,2320.91,0.00249228988312,2335.81,2234.95,0.0,2269.13
2013-01-24,2362.94,2287.3,2302.6,-0.00788914692944,2362.94,2234.95,0.0,2269.13
2013-01-25,2308.38,2288.26,2291.3,-0.00490749587423,2362.94,2235.11,0.0,2269.13
2013-01-28,2346.92,2295.35,2346.51,0.0240954916423,2362.94,2275.88,0.0,2269.13
2013-01-29,2363.8,2337.35,2358.98,0.00531427524281,2363.8,2275.88,0.0,2269.13
2013-01-30,2383.76,2347.89,2382.48,0.00996193269973,2383.76,2275.88,0.0,2269.13
2013-01-31,2391.82,2371.23,2385.42,0.0012340082603,2391.82,2285.97,0.0,2269.13
2013-02-01,2421.15,2369.57,2419.02,0.0140855698368,2421.15,2287.3,0.0,2269.13
2013-02-04,2440.38,2417.59,2428.15,0.00377425569032,2440.38,2287.3,0.0,2269.13
2013-02-05,2437.42,2403.3,2433.13,0.00205094413442,2440.38,2287.3,0.0,2269.13
2013-02-06,2441.73,2427.7,2434.48,0.000554840883964,2441.73,2287.3,0.0,2269.13
2013-02-07,2433.89,2394.22,2418.53,-0.00655170714074,2441.73,2288.26,0.0,2269.13
2013-02-08,2443.03,2414.4,2432.4,0.005734888548,2443.03,2295.35,0.0,2269.13
2013-02-18,2444.8,2415.43,2421.56,-0.0044565038645,2444.8,2337.35,0.0,2269.13
2013-02-19,2427.08,2373.54,2382.91,-0.0159607856093,2444.8,2347.89,0.0,2269.13
2013-02-20,2397.94,2370.61,2397.18,0.00598847627481,2444.8,2369.57,0.0,2269.13
2013-02-21,2378.82,2309.17,2325.95,-0.0297140807115,2444.8,2309.17,0.0,2269.13
2013-02-22,2330.88,2308.76,2314.16,-0.00506889657989,2444.8,2308.76,0.0,2269.13
2013-02-25,2338.78,2315.01,2325.82,0.0050385453037,2444.8,2308.76,0.0,2269.13
2013-02-26,2340.71,2289.89,2293.34,-0.0139649671944,2444.8,2289.89,0.0,2269.13
2013-02-27,2324.63,2292.03,2313.22,0.0086685794518,2444.8,2289.89,0.0,2269.13
2013-02-28,2366.16,2308.92,2365.59,0.022639437667,2444.8,2289.89,0.0,2269.13
2013-03-01,2369.65,2330.86,2359.51,-0.00257018333693,2444.8,2289.89,0.0,2269.13
2013-03-04,2333.54,2259.25,2273.4,-0.0364948654594,2444.8,2259.25,0.0,2269.13
2013-03-05,2328.14,2270.1,2326.31,0.0232735110407,2444.8,2259.25,0.0,2269.13
2013-03-06,2351.44,2321.6,2347.18,0.00897128929506,2444.8,2259.25,0.0,2269.13
2013-03-07,2352.02,2304.27,2324.29,-0.00975212808562,2444.8,2259.25,0.0,2269.13
2013-03-08,2333.67,2314.59,2318.61,-0.00244375701827,2444.8,2259.25,0.0,2269.13
2013-03-11,2320.96,2296.58,2310.59,-0.00345896895123,2444.8,2259.25,0.0,2269.13
2013-03-12,2333.29,2264.83,2286.61,-0.0103783016459,2444.8,2259.25,0.0,2269.13
2013-03-13,2286.33,2253.25,2263.97,-0.0099011199986,2444.8,2253.25,0.0,2269.13
2013-03-14,2276.22,2253.31,2270.28,0.00278713940556,2444.8,2253.25,0.0,2269.13
2013-03-15,2312.08,2250.01,2278.4,0.00357665133816,2444.8,2250.01,0.0,2269.13
2013-03-18,2276.05,2239.21,2240.02,-0.0168451544944,2427.08,2239.21,0.0,2269.13
2013-03-19,2261.31,2232.02,2257.43,0.00777225203346,2397.94,2232.02,0.0,2269.13
2013-03-20,2317.86,2257.42,2317.37,0.0265523183443,2378.82,2232.02,0.0,2269.13
2013-03-21,2330.81,2311.6,2324.24,0.00296456759171,2369.65,2232.02,0.0,2269.13
2013-03-22,2332.0,2314.97,2328.28,0.00173820259526,2369.65,2232.02,0.0,2269.13
2013-03-25,2344.89,2319.91,2326.72,-0.000670022505884,2369.65,2232.02,0.0,2269.13
2013-03-26,2319.99,2281.12,2297.67,-0.0124853871544,2369.65,2232.02,0.0,2269.13
2013-03-27,2323.48,2289.0,2301.26,0.00156245239743,2369.65,2232.02,0.0,2269.13
2013-03-28,2273.55,2232.91,2236.3,-0.0282280142183,2369.65,2232.02,0.0,2269.13
2013-03-29,2246.87,2228.81,2236.62,0.000143093502661,2352.02,2228.81,0.0,2269.13
2013-04-01,2243.95,2227.31,2234.4,-0.000992569144513,2352.02,2227.31,0.0,2269.13
2013-04-02,2253.42,2220.44,2227.74,-0.00298066595059,2352.02,2220.44,0.0,2269.13
2013-04-03,2241.34,2217.25,2225.3,-0.00109528041872,2352.02,2217.25,0.0,2269.13
2013-04-08,2212.59,2180.67,2211.59,-0.00616096706062,2344.89,2180.67,0.0,2269.13
2013-04-09,2234.73,2215.47,2225.78,0.00641619830077,2344.89,2180.67,0.0,2269.13
2013-04-10,2233.04,2212.56,2226.13,0.000157248245559,2344.89,2180.67,0.0,2269.13
2013-04-11,2242.48,2217.27,2219.55,-0.00295580222179,2344.89,2180.67,0.0,2269.13
2013-04-12,2226.26,2204.44,2206.78,-0.00575341848573,2344.89,2180.67,0.0,2269.13
2013-04-15,2204.99,2177.39,2181.94,-0.0112562194691,2344.89,2177.39,0.0,2269.13
2013-04-16,2196.43,2165.78,2194.85,0.00591675298129,2344.89,2165.78,0.0,2269.13
2013-04-17,2197.51,2178.47,2193.8,-0.000478392600861,2344.89,2165.78,0.0,2269.13
2013-04-18,2206.03,2175.44,2197.6,0.00173215425289,2344.89,2165.78,0.0,2269.13
2013-04-19,2250.11,2200.58,2244.64,0.0214051692756,2344.89,2165.78,0.0,2269.13
2013-04-22,2245.12,2232.26,2242.17,-0.00110039917314,2344.89,2165.78,0.0,2269.13
2013-04-23,2242.62,2182.81,2184.54,-0.0257027790043,2344.89,2165.78,0.0,2269.13
2013-04-24,2226.12,2184.11,2218.32,0.015463209646,2323.48,2165.78,0.0,2269.13
2013-04-25,2224.63,2191.85,2199.31,-0.00856954812651,2323.48,2165.78,0.0,2269.13
2013-04-26,2210.58,2173.86,2177.91,-0.00973032451087,2273.55,2165.78,0.0,2269.13
2013-05-02,2179.65,2161.14,2174.12,-0.00174020046742,2253.42,2161.14,0.0,2269.13
2013-05-03,2222.81,2179.05,2205.5,0.0144334259379,2253.42,2161.14,0.0,2269.13
2013-05-06,2236.07,2212.5,2231.17,0.0116390841079,2253.42,2161.14,0.0,2269.13
2013-05-07,2240.26,2219.44,2235.58,0.00197654145583,2250.11,2161.14,0.0,2269.13
2013-05-08,2255.21,2235.42,2246.3,0.00479517619589,2255.21,2161.14,0.0,2269.13
2013-05-09,2247.86,2221.38,2232.97,-0.00593420291145,2255.21,2161.14,0.0,2269.13
2013-05-10,2247.67,2225.81,2246.83,0.00620697994151,2255.21,2161.14,0.0,2269.13
2013-05-13,2250.85,2231.36,2241.92,-0.00218530106862,2255.21,2161.14,0.0,2269.13
2013-05-14,2239.93,2205.87,2217.01,-0.0111110119897,2255.21,2161.14,0.0,2269.13
2013-05-15,2225.19,2213.58,2224.8,0.00351374148064,2255.21,2161.14,0.0,2269.13
2013-05-16,2252.87,2210.77,2251.81,0.0121404171161,2255.21,2179.05,0.0,2269.13
2013-05-17,2288.09,2248.41,2282.87,0.0137933484619,2288.09,2205.87,0.0,2269.13
2013-05-20,2309.39,2281.9,2299.99,0.00749933198123,2309.39,2205.87,0.0,2269.13
2013-05-21,2305.3,2290.12,2305.11,0.0022260966352,2309.39,2205.87,0.0,2269.13
2013-05-22,2314.18,2292.43,2302.4,-0.00117564888443,2314.18,2205.87,0.0,2269.13
2013-05-23,2304.95,2274.1,2275.67,-0.0116096247394,2314.18,2205.87,0.0,2269.13
2013-05-24,2292.6,2270.25,2288.53,0.00565108297776,2314.18,2205.87,0.0,2269.13
2013-05-27,2301.7,2283.94,2293.08,0.00198817581592,2314.18,2205.87,0.0,2269.13
2013-05-28,2322.1,2281.47,2321.32,0.012315313901,2322.1,2210.77,0.0,2269.13
2013-05-29,2334.34,2321.17,2324.02,0.00116313132183,2334.34,2210.77,0.0,2269.13
2013-05-30,2325.72,2310.49,2317.75,-0.0026979113777,2334.34,2248.41,0.0,2269.13
2013-05-31,2325.53,2299.37,2300.6,-0.00739941753856,2334.34,2270.25,0.0,2269.13
2013-06-03,2313.43,2294.11,2299.25,-0.00058680344258,2334.34,2270.25,0.0,2269.13
2013-06-04,2297.1,2264.76,2272.42,-0.0116690225073,2334.34,2264.76,0.0,2269.13
2013-06-05,2276.87,2260.87,2270.93,-0.000655688649105,2334.34,2260.87,0.0,2269.13
2013-06-06,2266.69,2240.07,2242.11,-0.012690835913,2334.34,2240.07,0.0,2269.13
2013-06-07,2250.63,2205.07,2210.9,-0.0139199236434,2334.34,2205.07,0.0,2269.13
2013-06-13,2190.1,2126.22,2148.36,-0.0282871228911,2334.34,2126.22,0.0,2269.13
2013-06-14,2163.85,2142.78,2162.04,0.00636764788024,2334.34,2126.22,0.0,2269.13
2013-06-17,2169.36,2147.03,2156.22,-0.00269190209247,2334.34,2126.22,0.0,2269.13
2013-06-18,2161.68,2138.35,2159.29,0.00142378792517,2334.34,2126.22,0.0,2269.13
2013-06-19,2150.82,2115.79,2143.45,-0.00733574461976,2334.34,2115.79,0.0,2269.13
2013-06-20,2132.81,2082.83,2084.02,-0.027726329049,2334.34,2082.83,0.0,2269.13
2013-06-21,2085.86,2042.88,2073.1,-0.00523987293788,2334.34,2042.88,0.0,2269.13
2013-06-24,2068.86,1958.4,1963.24,-0.0529931021176,2334.34,1958.4,0.0,2269.13
2013-06-25,1963.57,1849.65,1959.51,-0.00189992053952,2334.34,1849.65,0.0,2269.13
2013-06-26,1959.16,1922.82,1951.5,-0.00408775663304,2334.34,1849.65,0.0,2269.13
2013-06-27,1980.54,1942.37,1950.01,-0.000763515244684,2334.34,1849.65,0.0,2269.13
2013-06-28,1987.98,1925.65,1979.21,0.0149742821832,2334.34,1849.65,0.0,2269.13
2013-07-01,1995.92,1957.57,1995.24,0.0080991910914,2325.72,1849.65,0.0,2269.13
2013-07-02,2007.62,1978.43,2006.56,0.00567350293699,2325.53,1849.65,0.0,2269.13
2013-07-03,1996.54,1965.52,1994.27,-0.00612491029423,2313.43,1849.65,0.0,2269.13
2013-07-04,2022.14,1974.1,2006.1,0.00593199516615,2297.1,1849.65,0.0,2269.13
2013-07-05,2021.54,2002.37,2007.2,0.000548327600818,2276.87,1849.65,0.0,2269.13
2013-07-08,1983.22,1953.12,1958.27,-0.0243772419291,2266.69,1849.65,0.0,2269.13
2013-07-09,1969.15,1946.37,1965.45,0.00366650155494,2250.63,1922.82,0.0,2269.13
2013-07-10,2009.36,1960.28,2008.13,0.0217151288509,2190.1,1925.65,0.0,2269.13
2013-07-11,2092.87,2010.4,2072.99,0.0322987057611,2169.36,1925.65,0.0,2269.13
2013-07-12,2074.86,2036.05,2039.49,-0.0161602323214,2169.36,1946.37,0.0,2269.13
2013-07-15,2076.67,2037.25,2059.39,0.00975734129611,2161.68,1946.37,0.0,2269.13
2013-07-16,2066.36,2038.54,2065.72,0.0030737257149,2150.82,1946.37,0.0,2269.13
2013-07-17,2075.81,2043.23,2044.92,-0.0100691284395,2132.81,1946.37,0.0,2269.13
2013-07-18,2043.37,2016.9,2023.4,-0.0105236390666,2092.87,1946.37,0.0,2269.13
2013-07-19,2035.22,1990.25,1992.65,-0.0151971928437,2092.87,1946.37,0.0,2269.13
2013-07-22,2005.47,1970.64,2004.76,0.0060773342032,2092.87,1946.37,0.0,2269.13
2013-07-23,2051.53,2005.09,2043.88,0.0195135577326,2092.87,1960.28,0.0,2269.13
2013-07-24,2042.77,2010.42,2033.33,-0.00516175117913,2092.87,1970.64,0.0,2269.13
2013-07-25,2045.37,2016.43,2021.17,-0.00598033767268,2092.87,1970.64,0.0,2269.13
2013-07-26,2021.57,2000.8,2010.85,-0.00510595348239,2092.87,1970.64,0.0,2269.13
2013-07-29,1997.84,1969.85,1976.31,-0.0171768157744,2092.87,1969.85,0.0,2269.13
2013-07-30,2006.23,1965.36,1990.06,0.0069574105277,2092.87,1965.36,0.0,2269.13
2013-07-31,2015.47,1987.88,1993.8,0.0018793403214,2092.87,1965.36,0.0,2269.13
2013-08-01,2029.93,1997.06,2029.07,0.0176898384993,2092.87,1965.36,0.0,2269.13
2013-08-02,2047.08,2025.65,2029.42,0.000172492816906,2092.87,1965.36,0.0,2269.13
2013-08-05,2050.91,2025.23,2050.48,0.0103773491934,2092.87,1965.36,0.0,2269.13
2013-08-06,2066.74,2034.96,2060.5,0.00488666068433,2092.87,1965.36,0.0,2269.13
2013-08-07,2069.56,2043.75,2046.78,-0.00665857801504,2092.87,1965.36,0.0,2269.13
2013-08-08,2058.56,2037.25,2044.9,-0.0009185159128,2076.67,1965.36,0.0,2269.13
2013-08-09,2061.71,2030.13,2052.24,0.00358941757543,2076.67,1965.36,0.0,2269.13
2013-08-12,2102.35,2055.72,2101.28,0.0238958406424,2102.35,1965.36,0.0,2269.13
2013-08-13,2106.4,2093.8,2106.16,0.00232239396939,2106.4,1987.88,0.0,2269.13
2013-08-14,2122.97,2093.04,2100.14,-0.00285828237171,2122.97,1997.06,0.0,2269.13
2013-08-15,2108.41,2079.97,2081.88,-0.00869465845134,2122.97,2025.23,0.0,2269.13
2013-08-16,2198.85,2061.65,2068.45,-0.00645090014794,2198.85,2025.23,0.0,2269.13
2013-08-19,2091.13,2052.7,2085.6,0.00829123256545,2198.85,2030.13,0.0,2269.13
2013-08-20,2098.98,2066.07,2072.6,-0.00623321825853,2198.85,2030.13,0.0,2269.13
2013-08-21,2076.32,2056.91,2072.96,0.000173694876001,2198.85,2030.13,0.0,2269.13
2013-08-22,2083.33,2062.37,2067.12,-0.00281722753936,2198.85,2030.13,0.0,2269.13
2013-08-23,2079.85,2029.37,2057.46,-0.00467316846627,2198.85,2029.37,0.0,2269.13
2013-08-26,2097.34,2056.13,2096.47,0.0189602714026,2198.85,2029.37,0.0,2269.13
2013-08-27,2105.38,2090.43,2103.57,0.00338664517021,2198.85,2029.37,0.0,2269.13
2013-08-28,2113.82,2080.86,2101.3,-0.00107911788056,2198.85,2029.37,0.0,2269.13
2013-08-29,2110.89,2088.24,2097.23,-0.00193689620711,2198.85,2029.37,0.0,2269.13
2013-08-30,2114.39,2089.1,2098.38,0.000548342337273,2198.85,2029.37,0.0,2269.13
2013-09-02,2108.68,2078.46,2098.45,3.3359067471e-05,2198.85,2029.37,0.0,2269.13
2013-09-03,2123.85,2095.46,2123.11,0.0117515308918,2198.85,2029.37,0.0,2269.13
2013-09-04,2133.0,2115.75,2127.62,0.00212424226724,2198.85,2029.37,0.0,2269.13
2013-09-05,2127.86,2115.24,2122.43,-0.00243934537182,2198.85,2029.37,0.0,2269.13
2013-09-06,2143.24,2119.02,2139.99,0.00827353552296,2198.85,2056.13,0.0,2269.13
2013-09-09,2218.53,2151.35,2212.52,0.0338926817415,2218.53,2078.46,0.0,2269.13
2013-09-10,2238.55,2202.82,2237.98,0.0115072406125,2238.55,2078.46,0.0,2269.13
2013-09-11,2258.08,2233.0,2241.27,0.00147007569326,2258.08,2078.46,0.0,2269.13
2013-09-12,2270.27,2226.29,2255.61,0.0063981581871,2270.27,2078.46,0.0,2269.13
2013-09-13,2259.42,2228.48,2236.22,-0.00859634422617,2270.27,2078.46,0.0,2269.13
2013-09-16,2248.47,2226.17,2231.4,-0.00215542299058,2270.27,2095.46,0.0,2269.13
2013-09-17,2230.93,2184.92,2185.56,-0.0205431567626,2270.27,2115.24,0.0,2269.13
2013-09-18,2195.9,2172.04,2191.85,0.00287798092937,2270.27,2115.24,0.0,2269.13
2013-09-23,2223.07,2198.34,2221.04,0.0133175171659,2270.27,2119.02,0.0,2269.13
2013-09-24,2219.54,2187.24,2207.53,-0.00608273601556,2270.27,2151.35,0.0,2269.13
2013-09-25,2217.97,2193.72,2198.52,-0.00408148473633,2270.27,2172.04,0.0,2269.13
2013-09-26,2192.23,2154.72,2155.81,-0.0194267052381,2270.27,2154.72,0.0,2269.13
2013-09-27,2165.78,2149.59,2160.03,0.00195750089294,2270.27,2149.59,0.0,2269.13
2013-09-30,2176.3,2165.16,2174.67,0.00677768364328,2270.27,2149.59,0.0,2269.13
2013-10-08,2200.02,2161.49,2198.2,0.0108200324647,2270.27,2149.59,0.0,2269.13
2013-10-09,2212.35,2185.18,2211.77,0.00617323264489,2270.27,2149.59,0.0,2269.13
2013-10-10,2214.59,2186.48,2190.93,-0.00942231787211,2270.27,2149.59,0.0,2269.13
2013-10-11,2228.87,2200.53,2228.15,0.0169882196145,2270.27,2149.59,0.0,2269.13
2013-10-14,2242.98,2226.4,2237.77,0.00431748311379,2270.27,2149.59,0.0,2269.13
2013-10-15,2240.25,2221.14,2233.41,-0.0019483682416,2270.27,2149.59,0.0,2269.13
2013-10-16,2228.11,2183.4,2193.07,-0.0180620665261,2270.27,2149.59,0.0,2269.13
2013-10-17,2211.03,2183.25,2188.54,-0.00206559754135,2270.27,2149.59,0.0,2269.13
2013-10-18,2203.29,2184.36,2193.78,0.00239429025743,2270.27,2161.49,0.0,2269.13
2013-10-21,2230.29,2190.39,2229.24,0.0161638815196,2259.42,2161.49,0.0,2269.13
2013-10-22,2227.34,2204.24,2210.65,-0.00833916491719,2248.47,2183.25,0.0,2269.13
2013-10-23,2226.85,2177.73,2183.11,-0.0124578743808,2242.98,2177.73,0.0,2269.13
2013-10-24,2183.41,2159.87,2164.32,-0.00860698727961,2242.98,2159.87,0.0,2269.13
2013-10-25,2170.61,2122.68,2132.96,-0.0144895394396,2242.98,2122.68,0.0,2269.13
2013-10-28,2140.96,2123.07,2133.87,0.000426637161503,2242.98,2122.68,0.0,2269.13
2013-10-29,2163.66,2093.2,2128.86,-0.00234784686977,2242.98,2093.2,0.0,2269.13
2013-10-30,2161.94,2121.84,2160.46,0.0148436252266,2242.98,2093.2,0.0,2269.13
2013-10-31,2155.51,2137.47,2141.61,-0.00872499375133,2242.98,2093.2,0.0,2269.13
2013-11-01,2157.31,2132.63,2149.56,0.0037121604774,2242.98,2093.2,0.0,2269.13
2013-11-04,2160.58,2143.21,2149.63,3.25648039599e-05,2242.98,2093.2,0.0,2269.13
2013-11-05,2158.15,2124.85,2157.24,0.00354014411782,2242.98,2093.2,0.0,2269.13
2013-11-06,2166.17,2138.78,2139.61,-0.00817247964992,2242.98,2093.2,0.0,2269.13
2013-11-07,2141.6,2119.19,2129.4,-0.00477189768229,2242.98,2093.2,0.0,2269.13
2013-11-08,2128.58,2103.51,2106.13,-0.010927960928,2242.98,2093.2,0.0,2269.13
2013-11-11,2117.28,2093.63,2109.47,0.00158584702749,2240.25,2093.2,0.0,2269.13
2013-11-12,2127.94,2108.4,2126.77,0.00820111212769,2230.29,2093.63,0.0,2269.13
2013-11-13,2117.91,2086.01,2087.94,-0.0182577335584,2230.29,2086.01,0.0,2269.13
2013-11-14,2102.38,2078.99,2100.51,0.00602028793931,2230.29,2078.99,0.0,2269.13
2013-11-15,2153.21,2100.79,2135.83,0.0168149639849,2230.29,2078.99,0.0,2269.13
2013-11-18,2198.32,2143.77,2197.22,0.0287429242964,2227.34,2078.99,0.0,2269.13
2013-11-19,2203.3,2186.11,2193.13,-0.00186144309628,2226.85,2078.99,0.0,2269.13
2013-11-20,2207.11,2186.64,2206.61,0.00614646646574,2207.11,2078.99,0.0,2269.13
2013-11-21,2206.53,2177.74,2205.77,-0.000380674428195,2207.11,2078.99,0.0,2269.13
2013-11-22,2211.07,2188.77,2196.38,-0.00425701682406,2211.07,2078.99,0.0,2269.13
2013-11-25,2209.15,2181.42,2186.12,-0.00467132281299,2211.07,2078.99,0.0,2269.13
2013-11-26,2192.58,2176.18,2183.07,-0.00139516586464,2211.07,2078.99,0.0,2269.13
2013-11-27,2207.62,2176.85,2201.07,0.00824526927675,2211.07,2078.99,0.0,2269.13
2013-11-28,2234.39,2202.62,2219.37,0.00831413812373,2234.39,2100.79,0.0,2269.13
2013-11-29,2224.94,2212.26,2220.5,0.000509153498515,2234.39,2143.77,0.0,2269.13
2013-12-02,2231.92,2172.63,2207.37,-0.00591308263905,2234.39,2172.63,0.0,2269.13
2013-12-03,2227.93,2193.25,2222.67,0.00693132551407,2234.39,2172.63,0.0,2269.13
2013-12-04,2260.87,2215.92,2251.76,0.0130878627956,2260.87,2172.63,0.0,2269.13
2013-12-05,2255.26,2239.14,2247.06,-0.00208725619071,2260.87,2172.63,0.0,2269.13
2013-12-06,2248.15,2228.63,2237.11,-0.00442800815288,2260.87,2172.63,0.0,2269.13
2013-12-09,2249.17,2231.73,2238.2,0.000487235763999,2260.87,2172.63,0.0,2269.13
2013-12-10,2250.5,2231.68,2237.49,-0.000317219193995,2260.87,2172.63,0.0,2269.13
2013-12-11,2228.63,2193.16,2204.17,-0.0148916866668,2260.87,2172.63,0.0,2269.13
2013-12-12,2214.55,2194.9,2202.8,-0.000621549154557,2260.87,2172.63,0.0,2269.13
2013-12-13,2204.64,2183.84,2196.08,-0.00305066279281,2260.87,2172.63,0.0,2269.13
2013-12-16,2201.7,2159.99,2160.86,-0.016037667116,2260.87,2159.99,0.0,2269.13
2013-12-17,2165.54,2146.31,2151.08,-0.00452597576891,2260.87,2146.31,0.0,2269.13
2013-12-18,2156.59,2142.62,2148.29,-0.00129702289083,2260.87,2142.62,0.0,2269.13
2013-12-19,2159.14,2126.25,2127.79,-0.00954247331599,2260.87,2126.25,0.0,2269.13
2013-12-20,2131.74,2082.86,2084.79,-0.0202087612029,2260.87,2082.86,0.0,2269.13
2013-12-23,2099.52,2068.54,2089.71,0.00235994992301,2260.87,2068.54,0.0,2269.13
2013-12-24,2111.81,2079.81,2092.91,0.0015313129573,2260.87,2068.54,0.0,2269.13
2013-12-25,2107.23,2088.3,2106.35,0.00642168081762,2260.87,2068.54,0.0,2269.13
2013-12-26,2102.66,2070.55,2073.1,-0.0157856006836,2260.87,2068.54,0.0,2269.13
2013-12-27,2110.36,2069.59,2101.25,0.0135786985674,2260.87,2068.54,0.0,2269.13
2013-12-30,2112.01,2095.06,2097.53,-0.00177037477692,2260.87,2068.54,0.0,2269.13
2013-12-31,2120.27,2087.42,2115.98,0.00879606012786,2260.87,2068.54,0.0,2269.13
2014-01-02,2113.11,2101.02,2109.39,-0.00311439616632,2255.26,2068.54,0.0,2269.13
2014-01-03,2102.17,2075.9,2083.14,-0.0124443559512,2250.5,2068.54,0.0,2269.13
2014-01-06,2078.68,2034.01,2045.71,-0.0179680674367,2250.5,2034.01,0.0,2269.13
2014-01-07,2052.28,2029.25,2047.32,0.000787012821954,2250.5,2029.25,0.0,2269.13
2014-01-08,2062.95,2037.11,2044.34,-0.00145556141688,2228.63,2029.25,0.0,2269.13
2014-01-09,2057.2,2026.45,2027.62,-0.00817867869337,2214.55,2026.45,0.0,2269.13
2014-01-10,2029.3,2008.01,2013.3,-0.00706246732622,2204.64,2008.01,0.0,2269.13
2014-01-13,2027.18,2000.4,2009.56,-0.00185764664978,2201.7,2000.4,0.0,2269.13
2014-01-14,2027.43,2001.14,2026.84,0.00859889727104,2165.54,2000.4,0.0,2269.13
2014-01-15,2027.41,2010.2,2023.35,-0.00172189220659,2159.14,2000.4,0.0,2269.13
2014-01-16,2034.71,2014.41,2023.7,0.000172980453209,2159.14,2000.4,0.0,2269.13
2014-01-17,2017.87,2001.33,2004.95,-0.00926520729357,2131.74,2000.4,0.0,2269.13
2014-01-20,2005.94,1984.82,1991.25,-0.00683308810694,2120.27,1984.82,0.0,2269.13
2014-01-21,2014.15,1992.02,2008.31,0.00856748273697,2120.27,1984.82,0.0,2269.13
2014-01-22,2052.34,2008.93,2051.75,0.0216301268231,2120.27,1984.82,0.0,2269.13
2014-01-23,2052.53,2039.05,2042.18,-0.00466431095406,2120.27,1984.82,0.0,2269.13
2014-01-24,2060.99,2034.45,2054.39,0.00597890489575,2120.27,1984.82,0.0,2269.13
2014-01-27,2044.85,2029.63,2033.3,-0.010265820998,2120.27,1984.82,0.0,2269.13
2014-01-28,2047.13,2026.99,2038.51,0.00256233708749,2120.27,1984.82,0.0,2269.13
2014-01-29,2051.58,2039.77,2049.91,0.0055923198807,2113.11,1984.82,0.0,2269.13
2014-01-30,2045.93,2031.47,2033.08,-0.0082101165417,2102.17,1984.82,0.0,2269.13
2014-02-07,2044.73,2014.7,2044.5,0.0056170932772,2078.68,1984.82,0.0,2269.13
2014-02-10,2087.98,2049.98,2086.07,0.0203325996576,2087.98,1992.02,0.0,2269.13
2014-02-11,2111.06,2082.52,2103.67,0.00843691726548,2111.06,2008.93,0.0,2269.13
2014-02-12,2110.9,2096.51,2109.96,0.0029900126921,2111.06,2014.7,0.0,2269.13
2014-02-13,2122.83,2096.97,2098.4,-0.00547877684885,2122.83,2014.7,0.0,2269.13
2014-02-14,2116.19,2095.09,2115.85,0.00831585970263,2122.83,2014.7,0.0,2269.13
2014-02-17,2136.45,2117.69,2135.42,0.00924923789494,2136.45,2014.7,0.0,2269.13
2014-02-18,2134.14,2113.13,2119.07,-0.00765657341413,2136.45,2014.7,0.0,2269.13
2014-02-19,2152.96,2111.17,2142.55,0.01108033241,2152.96,2014.7,0.0,2269.13
2014-02-20,2177.98,2136.48,2138.78,-0.00175958554059,2177.98,2014.7,0.0,2269.13
2014-02-21,2132.7,2098.33,2113.69,-0.0117309868243,2177.98,2049.98,0.0,2269.13
2014-02-24,2099.72,2058.79,2076.69,-0.0175049321329,2177.98,2058.79,0.0,2269.13
2014-02-25,2087.62,2026.54,2034.22,-0.0204508135543,2177.98,2026.54,0.0,2269.13
2014-02-26,2041.63,2014.38,2041.25,0.00345587006322,2177.98,2014.38,0.0,2269.13
2014-02-27,2068.31,2036.39,2047.35,0.00298836497244,2177.98,2014.38,0.0,2269.13
2014-02-28,2058.49,2020.94,2056.3,0.00437150462793,2177.98,2014.38,0.0,2269.13
2014-03-03,2078.33,2047.07,2075.24,0.00921071828041,2177.98,2014.38,0.0,2269.13
2014-03-04,2074.03,2050.13,2071.47,-0.00181665735048,2177.98,2014.38,0.0,2269.13
2014-03-05,2074.82,2050.18,2053.08,-0.00887775347941,2177.98,2014.38,0.0,2269.13
2014-03-06,2065.79,2030.95,2059.58,0.00316597502289,2177.98,2014.38,0.0,2269.13
2014-03-07,2079.49,2050.47,2057.91,-0.000810844929549,2177.98,2014.38,0.0,2269.13
2014-03-10,2042.63,1995.55,1999.07,-0.0285921153014,2177.98,1995.55,0.0,2269.13
2014-03-11,2008.07,1985.6,2001.16,0.00104548615106,2177.98,1985.6,0.0,2269.13
2014-03-12,2011.06,1974.38,1997.69,-0.00173399428332,2177.98,1974.38,0.0,2269.13
2014-03-13,2029.12,1996.53,2019.11,0.0107223843539,2177.98,1974.38,0.0,2269.13
2014-03-14,2017.91,1990.98,2004.34,-0.00731510417956,2177.98,1974.38,0.0,2269.13
2014-03-17,2024.37,1999.25,2023.67,0.00964407236297,2177.98,1974.38,0.0,2269.13
2014-03-18,2034.92,2020.41,2025.2,0.000756052123123,2177.98,1974.38,0.0,2269.13
2014-03-19,2022.18,2002.44,2021.73,-0.00171341102113,2177.98,1974.38,0.0,2269.13
2014-03-20,2030.85,1993.0,1993.48,-0.0139731813843,2132.7,1974.38,0.0,2269.13
2014-03-21,2052.47,1986.07,2047.62,0.0271585368301,2099.72,1974.38,0.0,2269.13
2014-03-24,2074.06,2043.33,2066.28,0.0091130190172,2087.62,1974.38,0.0,2269.13
2014-03-25,2079.55,2057.49,2067.31,0.000498480360842,2079.55,1974.38,0.0,2269.13
2014-03-26,2074.57,2057.65,2063.67,-0.00176074222057,2079.55,1986.07,0.0,2269.13
2014-03-27,2073.98,2042.71,2046.59,-0.0082765170788,2079.55,1986.07,0.0,2269.13
2014-03-28,2060.13,2035.24,2041.71,-0.00238445414079,2079.55,1986.07,0.0,2269.13
2014-03-31,2048.13,2024.19,2033.31,-0.00411419839252,2079.55,1986.07,0.0,2269.13
2014-04-01,2050.68,2028.1,2047.46,0.00695909625192,2079.55,1986.07,0.0,2269.13
2014-04-02,2060.78,2046.74,2058.99,0.00563136764577,2079.55,1986.07,0.0,2269.13
2014-04-03,2066.01,2037.45,2043.7,-0.00742597098577,2079.55,1986.07,0.0,2269.13
2014-04-04,2060.1,2035.22,2058.83,0.00740323922298,2079.55,2024.19,0.0,2269.13
2014-04-08,2102.45,2052.9,2098.28,0.01916136835,2102.45,2024.19,0.0,2269.13
2014-04-09,2108.75,2095.64,2105.24,0.00331700249728,2108.75,2024.19,0.0,2269.13
2014-04-10,2146.67,2098.08,2134.3,0.0138036518402,2146.67,2024.19,0.0,2269.13
2014-04-11,2138.65,2120.18,2130.54,-0.0017617017289,2146.67,2024.19,0.0,2269.13
2014-04-14,2134.43,2116.61,2131.54,0.000469364574239,2146.67,2024.19,0.0,2269.13
2014-04-15,2125.9,2098.15,2101.6,-0.0140461825722,2146.67,2028.1,0.0,2269.13
2014-04-16,2112.05,2092.16,2105.12,0.00167491435097,2146.67,2035.22,0.0,2269.13
2014-04-17,2110.72,2095.71,2098.89,-0.00295945124268,2146.67,2035.22,0.0,2269.13
2014-04-18,2099.64,2081.19,2097.75,-0.00054314423338,2146.67,2035.22,0.0,2269.13
2014-04-21,2103.08,2065.23,2065.83,-0.015216303182,2146.67,2052.9,0.0,2269.13
2014-04-22,2073.66,2047.33,2072.83,0.00338846855743,2146.67,2047.33,0.0,2269.13
2014-04-23,2076.35,2059.11,2067.38,-0.00262925565531,2146.67,2047.33,0.0,2269.13
2014-04-24,2075.76,2056.19,2057.03,-0.00500633652256,2146.67,2047.33,0.0,2269.13
2014-04-25,2065.64,2035.57,2036.52,-0.0099706858918,2146.67,2035.57,0.0,2269.13
2014-04-28,2035.99,2000.14,2003.49,-0.0162188439102,2146.67,2000.14,0.0,2269.13
2014-04-29,2021.68,1997.64,2020.34,0.00841032398465,2146.67,1997.64,0.0,2269.13
2014-04-30,2029.54,2016.58,2026.36,0.00297969648673,2146.67,1997.64,0.0,2269.13
2014-05-05,2028.96,2007.35,2027.35,0.000488560769064,2146.67,1997.64,0.0,2269.13
2014-05-06,2038.71,2021.49,2028.04,0.000340345771574,2146.67,1997.64,0.0,2269.13
2014-05-07,2024.63,2008.45,2010.08,-0.00885584110767,2146.67,1997.64,0.0,2269.13
2014-05-08,2036.94,2005.69,2015.27,0.0025819867866,2146.67,1997.64,0.0,2269.13
2014-05-09,2020.45,2001.3,2011.14,-0.00204935318841,2146.67,1997.64,0.0,2269.13
2014-05-12,2055.51,2016.64,2052.87,0.0207494256989,2138.65,1997.64,0.0,2269.13
2014-05-13,2061.06,2043.55,2050.73,-0.0010424430188,2134.43,1997.64,0.0,2269.13
2014-05-14,2056.57,2042.74,2047.91,-0.00137512007919,2125.9,1997.64,0.0,2269.13
2014-05-15,2047.32,2022.86,2024.97,-0.0112016641356,2112.05,2001.3,0.0,2269.13
2014-05-16,2027.76,2012.69,2026.5,0.000755566749137,2110.72,2001.3,0.0,2269.13
2014-05-19,2023.27,1996.02,2005.18,-0.0105206020232,2103.08,1996.02,0.0,2269.13
2014-05-20,2018.16,2002.76,2008.12,0.00146620253543,2103.08,1996.02,0.0,2269.13
2014-05-21,2025.19,1991.06,2024.95,0.00838097324861,2076.35,1991.06,0.0,2269.13
2014-05-22,2041.96,2018.88,2021.29,-0.00180745203585,2076.35,1991.06,0.0,2269.13
2014-05-23,2034.57,2017.74,2034.57,0.00657006169328,2075.76,1991.06,0.0,2269.13
2014-05-26,2045.38,2035.09,2041.48,0.00339629504023,2065.64,1991.06,0.0,2269.13
2014-05-27,2044.15,2032.84,2034.57,-0.00338479926328,2061.06,1991.06,0.0,2269.13
2014-05-28,2052.66,2029.34,2050.23,0.00769695807959,2061.06,1991.06,0.0,2269.13
2014-05-29,2057.08,2039.24,2040.6,-0.00469703399131,2061.06,1991.06,0.0,2269.13
2014-05-30,2046.96,2031.37,2039.21,-0.000681172204254,2061.06,1991.06,0.0,2269.13
2014-06-03,2049.58,2037.3,2038.31,-0.000441347384526,2061.06,1991.06,0.0,2269.13
2014-06-04,2038.48,2012.91,2024.83,-0.00661332182053,2061.06,1991.06,0.0,2269.13
2014-06-05,2041.7,2016.18,2040.88,0.00792659136816,2061.06,2012.91,0.0,2269.13
2014-06-06,2041.57,2022.16,2029.96,-0.00535063306025,2061.06,2012.91,0.0,2269.13
2014-06-09,2045.26,2023.2,2030.5,0.000266015093894,2061.06,2012.91,0.0,2269.13
2014-06-10,2052.77,2026.39,2052.53,0.0108495444472,2061.06,2012.91,0.0,2269.13
2014-06-11,2056.63,2045.41,2054.95,0.00117903270598,2057.08,2012.91,0.0,2269.13
2014-06-12,2057.11,2045.96,2051.71,-0.00157668069783,2057.11,2012.91,0.0,2269.13
2014-06-13,2073.6,2048.62,2070.72,0.00926544199716,2073.6,2012.91,0.0,2269.13
2014-06-16,2087.32,2069.44,2085.98,0.00736941740071,2087.32,2012.91,0.0,2269.13
2014-06-17,2080.48,2064.67,2066.7,-0.00924265812712,2087.32,2012.91,0.0,2269.13
2014-06-18,2066.91,2051.75,2055.52,-0.0054095901679,2087.32,2016.18,0.0,2269.13
2014-06-19,2059.26,2017.65,2023.74,-0.0154608079707,2087.32,2017.65,0.0,2269.13
2014-06-20,2027.15,2010.53,2026.67,0.00144781444257,2087.32,2010.53,0.0,2269.13
2014-06-23,2033.32,2022.92,2024.37,-0.0011348665545,2087.32,2010.53,0.0,2269.13
2014-06-24,2034.71,2021.75,2033.93,0.00472245686312,2087.32,2010.53,0.0,2269.13
2014-06-25,2030.62,2018.36,2025.5,-0.00414468541199,2087.32,2010.53,0.0,2269.13
2014-06-26,2040.75,2025.31,2038.68,0.00650703529993,2087.32,2010.53,0.0,2269.13
2014-06-27,2043.98,2025.07,2036.51,-0.00106441422881,2087.32,2010.53,0.0,2269.13
2014-06-30,2052.34,2038.53,2048.33,0.00580404711983,2087.32,2010.53,0.0,2269.13
2014-07-01,2052.64,2041.94,2050.38,0.00100081529832,2087.32,2010.53,0.0,2269.13
2014-07-02,2060.6,2044.04,2059.42,0.00440893883085,2087.32,2010.53,0.0,2269.13
2014-07-03,2066.64,2048.08,2063.23,0.00185003544687,2087.32,2010.53,0.0,2269.13
2014-07-04,2065.08,2054.22,2059.38,-0.00186600621356,2087.32,2018.36,0.0,2269.13
2014-07-07,2064.04,2050.89,2059.93,0.000267070671755,2087.32,2018.36,0.0,2269.13
2014-07-08,2064.43,2047.2,2064.02,0.0019855043618,2087.32,2018.36,0.0,2269.13
2014-07-09,2062.47,2037.6,2038.61,-0.0123109272197,2087.32,2025.07,0.0,2269.13
2014-07-10,2045.53,2034.96,2038.34,-0.000132443184327,2087.32,2025.07,0.0,2269.13
2014-07-11,2051.74,2033.0,2046.96,0.00422893138534,2087.32,2033.0,0.0,2269.13
2014-07-14,2067.34,2044.9,2066.65,0.00961914253332,2080.48,2033.0,0.0,2269.13
2014-07-15,2070.36,2059.68,2070.36,0.00179517576755,2070.36,2033.0,0.0,2269.13
2014-07-16,2075.49,2061.57,2067.28,-0.00148766398114,2075.49,2033.0,0.0,2269.13
2014-07-17,2062.89,2046.19,2055.59,-0.00565477342208,2075.49,2033.0,0.0,2269.13
2014-07-18,2067.23,2046.0,2059.07,0.00169294460471,2075.49,2033.0,0.0,2269.13
2014-07-21,2061.82,2049.18,2054.48,-0.00222916170893,2075.49,2033.0,0.0,2269.13
2014-07-22,2078.09,2049.82,2075.48,0.0102215645808,2078.09,2033.0,0.0,2269.13
2014-07-23,2088.19,2072.23,2078.49,0.0014502669262,2088.19,2033.0,0.0,2269.13
2014-07-24,2107.95,2079.63,2105.06,0.0127833186592,2107.95,2033.0,0.0,2269.13
2014-07-25,2127.22,2106.71,2126.61,0.0102372378935,2127.22,2044.9,0.0,2269.13
2014-07-28,2181.5,2135.25,2177.95,0.0241417091051,2181.5,2046.0,0.0,2269.13
2014-07-29,2193.52,2172.1,2183.19,0.00240593218393,2193.52,2046.0,0.0,2269.13
2014-07-30,2194.57,2177.24,2181.24,-0.000893188407789,2194.57,2046.0,0.0,2269.13
2014-07-31,2202.13,2173.9,2201.56,0.00931580202087,2202.13,2046.0,0.0,2269.13
2014-08-01,2218.79,2184.64,2185.3,-0.00738567197805,2218.79,2049.18,0.0,2269.13
2014-08-04,2224.07,2186.92,2223.33,0.0174026449458,2224.07,2049.82,0.0,2269.13
2014-08-05,2226.84,2206.85,2219.95,-0.00152024215928,2226.84,2072.23,0.0,2269.13
2014-08-06,2223.89,2192.99,2217.47,-0.00111714227798,2226.84,2079.63,0.0,2269.13
2014-08-07,2220.57,2185.76,2187.67,-0.0134387387428,2226.84,2106.71,0.0,2269.13
2014-08-08,2199.58,2180.6,2194.43,0.0030900455736,2226.84,2135.25,0.0,2269.13
2014-08-11,2225.96,2198.31,2224.65,0.0137712298866,2226.84,2172.1,0.0,2269.13
2014-08-12,2222.98,2210.0,2221.6,-0.00137100218012,2226.84,2173.9,0.0,2269.13
2014-08-13,2230.99,2202.44,2222.88,0.000576161325171,2230.99,2173.9,0.0,2269.13
2014-08-14,2230.89,2204.38,2206.47,-0.00738231483481,2230.99,2180.6,0.0,2269.13
2014-08-15,2230.87,2203.24,2226.73,0.0091820872253,2230.99,2180.6,0.0,2269.13
2014-08-18,2242.04,2228.13,2239.47,0.00572139415196,2242.04,2180.6,0.0,2269.13
2014-08-19,2246.02,2227.93,2245.33,0.00261669055625,2246.02,2180.6,0.0,2269.13
2014-08-20,2248.94,2233.89,2240.21,-0.00228028842086,2248.94,2180.6,0.0,2269.13
2014-08-21,2240.08,2211.63,2230.46,-0.00435227054606,2248.94,2180.6,0.0,2269.13
2014-08-22,2243.3,2225.27,2240.81,0.00464029841378,2248.94,2198.31,0.0,2269.13
2014-08-25,2241.55,2222.01,2229.27,-0.00514992346518,2248.94,2202.44,0.0,2269.13
2014-08-26,2232.79,2200.62,2207.11,-0.00994047378738,2248.94,2200.62,0.0,2269.13
2014-08-27,2216.67,2204.05,2209.47,0.00106927158139,2248.94,2200.62,0.0,2269.13
2014-08-28,2219.47,2194.86,2195.82,-0.00617795217858,2248.94,2194.86,0.0,2269.13
2014-08-29,2218.7,2193.26,2217.2,0.00973668151306,2248.94,2193.26,0.0,2269.13
2014-09-01,2236.29,2217.69,2235.51,0.0082581634494,2248.94,2193.26,0.0,2269.13
2014-09-02,2267.51,2234.38,2266.05,0.0136613121838,2267.51,2193.26,0.0,2269.13
2014-09-03,2290.55,2268.1,2288.63,0.0099644756294,2290.55,2193.26,0.0,2269.13
2014-09-04,2307.7,2283.28,2306.86,0.00796546405491,2307.7,2193.26,0.0,2269.13
2014-09-05,2327.56,2307.45,2326.43,0.00848339301041,2327.56,2193.26,0.0,2269.13
2014-09-09,2331.92,2315.89,2326.53,4.29843150236e-05,2331.92,2193.26,0.0,2269.13
2014-09-10,2321.91,2306.42,2318.31,-0.00353315882452,2331.92,2193.26,0.0,2269.13
2014-09-11,2343.6,2304.6,2311.68,-0.00285984186757,2343.6,2193.26,0.0,2269.13
2014-09-12,2331.95,2302.78,2331.95,0.00876851467331,2343.6,2193.26,0.0,2269.13
2014-09-15,2340.45,2321.59,2339.14,0.00308325650207,2343.6,2217.69,0.0,2269.13
2014-09-16,2347.94,2293.87,2296.56,-0.0182032712877,2347.94,2234.38,0.0,2269.13
2014-09-17,2309.05,2282.8,2307.89,0.00493346570523,2347.94,2268.1,0.0,2269.13
2014-09-18,2319.88,2297.93,2315.93,0.0034837015629,2347.94,2282.8,0.0,2269.13
2014-09-19,2331.56,2305.52,2329.45,0.00583782756819,2347.94,2282.8,0.0,2269.13
2014-09-22,2323.55,2284.38,2289.87,-0.0169911352465,2347.94,2282.8,0.0,2269.13
2014-09-23,2311.53,2289.02,2309.72,0.00866861437549,2347.94,2282.8,0.0,2269.13
2014-09-24,2345.75,2297.88,2343.58,0.0146597856017,2347.94,2282.8,0.0,2269.13
2014-09-25,2365.15,2336.81,2345.1,0.00064858037703,2365.15,2282.8,0.0,2269.13
2014-09-26,2350.11,2329.96,2347.72,0.00111722314613,2365.15,2282.8,0.0,2269.13
2014-09-29,2363.06,2346.58,2357.71,0.00425519227165,2365.15,2282.8,0.0,2269.13
2014-09-30,2365.49,2354.27,2363.87,0.00261270470075,2365.49,2282.8,0.0,2269.13
2014-10-08,2382.79,2354.29,2382.79,0.00800382423737,2382.79,2284.38,0.0,2269.13
2014-10-09,2391.35,2367.11,2389.37,0.00276146869846,2391.35,2284.38,0.0,2269.13
2014-10-10,2386.28,2365.08,2374.54,-0.0062066569849,2391.35,2284.38,0.0,2269.13
2014-10-13,2366.86,2341.12,2366.01,-0.00359227471426,2391.35,2289.02,0.0,2269.13
2014-10-14,2380.52,2349.19,2359.48,-0.00275992071039,2391.35,2297.88,0.0,2269.13
2014-10-15,2374.81,2344.37,2373.67,0.0060140369912,2391.35,2329.96,0.0,2269.13
2014-10-16,2389.68,2353.41,2356.5,-0.00723352445791,2391.35,2329.96,0.0,2269.13
2014-10-17,2360.6,2312.83,2341.18,-0.00650116698494,2391.35,2312.83,0.0,2269.13
2014-10-20,2357.51,2340.46,2356.73,0.00664194978601,2391.35,2312.83,0.0,2269.13
2014-10-21,2361.65,2337.55,2339.66,-0.00724308681945,2391.35,2312.83,0.0,2269.13
2014-10-22,2352.12,2324.59,2326.55,-0.00560337826864,2391.35,2312.83,0.0,2269.13
2014-10-23,2329.93,2297.33,2302.42,-0.0103715802368,2391.35,2297.33,0.0,2269.13
2014-10-24,2314.88,2296.66,2302.28,-6.08055871647e-05,2391.35,2296.66,0.0,2269.13
2014-10-27,2293.64,2279.84,2290.44,-0.00514272807825,2391.35,2279.84,0.0,2269.13
2014-10-28,2338.28,2294.01,2337.87,0.0207078115995,2391.35,2279.84,0.0,2269.13
2014-10-29,2381.64,2339.71,2373.03,0.0150393306728,2391.35,2279.84,0.0,2269.13
2014-10-30,2397.26,2365.92,2391.08,0.00760630923334,2397.26,2279.84,0.0,2269.13
2014-10-31,2423.6,2384.48,2420.18,0.0121702326982,2423.6,2279.84,0.0,2269.13
2014-11-03,2436.79,2418.17,2430.03,0.00406994521069,2436.79,2279.84,0.0,2269.13
2014-11-04,2435.22,2417.22,2430.68,0.000267486409633,2436.79,2279.84,0.0,2269.13
2014-11-05,2434.36,2415.5,2419.25,-0.00470238780917,2436.79,2279.84,0.0,2269.13
2014-11-06,2426.89,2401.75,2425.86,0.00273225173091,2436.79,2279.84,0.0,2269.13
2014-11-07,2454.42,2407.44,2418.17,-0.00317000981095,2454.42,2279.84,0.0,2269.13
2014-11-10,2474.16,2428.19,2473.67,0.0229512399873,2474.16,2294.01,0.0,2269.13
2014-11-11,2508.62,2445.96,2469.67,-0.00161703056592,2508.62,2339.71,0.0,2269.13
2014-11-12,2494.92,2444.81,2494.48,0.0100458765746,2508.62,2365.92,0.0,2269.13
2014-11-13,2507.74,2471.41,2485.61,-0.00355585131971,2508.62,2384.48,0.0,2269.13
2014-11-14,2481.03,2457.05,2478.82,-0.00273172380221,2508.62,2401.75,0.0,2269.13
2014-11-17,2508.77,2472.45,2474.01,-0.00194043940262,2508.77,2401.75,0.0,2269.13
2014-11-18,2477.05,2449.81,2456.37,-0.00713012477718,2508.77,2401.75,0.0,2269.13
2014-11-19,2461.49,2442.71,2450.99,-0.0021902237855,2508.77,2401.75,0.0,2269.13
2014-11-20,2458.32,2437.48,2452.66,0.000681357329079,2508.77,2407.44,0.0,2269.13
2014-11-21,2488.2,2446.65,2486.79,0.0139155039834,2508.77,2428.19,0.0,2269.13
2014-11-24,2546.75,2495.52,2532.88,0.0185339333036,2546.75,2437.48,0.0,2269.13
2014-11-25,2568.38,2527.08,2567.6,0.0137077161176,2568.38,2437.48,0.0,2269.13
2014-11-26,2605.07,2570.4,2604.35,0.0143129770992,2605.07,2437.48,0.0,2269.13
2014-11-27,2631.4,2599.11,2630.49,0.0100370533914,2631.4,2437.48,0.0,2269.13
2014-11-28,2683.18,2622.06,2682.84,0.0199012351311,2683.18,2437.48,0.0,2269.13
2014-12-01,2720.74,2668.84,2680.16,-0.000998941420286,2720.74,2437.48,0.0,2269.13
2014-12-02,2777.37,2665.69,2763.55,0.0311138141007,2777.37,2437.48,0.0,2269.13
2014-12-03,2824.18,2733.87,2779.53,0.00578241754265,2824.18,2437.48,0.0,2269.13
2014-12-04,2900.51,2772.43,2899.46,0.043147582505,2900.51,2446.65,0.0,2269.13
2014-12-05,2978.03,2813.05,2937.65,0.0131714181261,2978.03,2495.52,0.0,2269.13
2014-12-08,3041.66,2879.85,3020.26,0.0281211172195,3041.66,2527.08,0.0,2269.13
2014-12-09,3091.32,2834.59,2856.27,-0.0542966499573,3091.32,2570.4,0.0,2269.13
2014-12-10,2946.71,2807.68,2940.01,0.0293179566358,3091.32,2599.11,0.0,2269.13
2014-12-11,2965.68,2892.61,2925.74,-0.00485372498733,3091.32,2622.06,0.0,2269.13
2014-12-12,2962.51,2914.96,2938.17,0.00424849781594,3091.32,2665.69,0.0,2269.13
2014-12-15,2960.23,2890.9,2953.42,0.00519030553031,3091.32,2665.69,0.0,2269.13
2014-12-16,3021.9,2943.91,3021.52,0.0230580140989,3091.32,2733.87,0.0,2269.13
2014-12-17,3076.6,2993.33,3061.02,0.0130728904657,3091.32,2772.43,0.0,2269.13
2014-12-18,3089.79,3030.32,3057.52,-0.0011434097131,3091.32,2807.68,0.0,2269.13
2014-12-19,3117.53,3018.42,3108.6,0.0167063502446,3117.53,2807.68,0.0,2269.13
2014-12-22,3189.87,3090.51,3127.45,0.0060638229428,3189.87,2807.68,0.0,2269.13
2014-12-23,3136.84,3025.67,3032.61,-0.0303250251803,3189.87,2807.68,0.0,2269.13
2014-12-24,3050.51,2934.91,2972.53,-0.0198113176439,3189.87,2890.9,0.0,2269.13
2014-12-25,3073.35,2969.87,3072.54,0.033644740339,3189.87,2890.9,0.0,2269.13
2014-12-26,3164.16,3064.18,3157.6,0.0276839357665,3189.87,2890.9,0.0,2269.13
2014-12-29,3223.86,3126.94,3168.02,0.0032999746643,3223.86,2934.91,0.0,2269.13
2014-12-30,3190.3,3130.35,3165.82,-0.000694440060353,3223.86,2934.91,0.0,2269.13
2014-12-31,3239.36,3157.26,3234.68,0.0217510787095,3239.36,2934.91,0.0,2269.13
