index_code,date,open,close,low,high,volume,money,change
sz399001,2014-12-31,10723.09,11014.62,10711.33,11037.61,33258888.0,46921530599.99999,0.027266639682305804
sz399001,2014-12-30,10756.58,10722.26,10660.2,10866.36,34331823.0,48130976800.0,-0.005393120848948052
sz399001,2014-12-29,10918.96,10780.4,10665.26,10965.29,47601785.0,63888994500.0,-0.0020587560077907074
sz399001,2014-12-26,10505.71,10802.64,10487.91,10816.83,40627211.0,50967006800.0,0.029432673450367597
sz399001,2014-12-25,10350.94,10493.78,10296.0,10514.64,32258543.0,39619246100.0,0.019554006210335206
sz399001,2014-12-24,10614.12,10292.52,10179.26,10627.09,34933175.0,43545078200.0,-0.026324427975581766
sz399001,2014-12-23,10549.98,10570.79,10490.14,10794.19,41334734.0,48804252100.0,-0.003556575281000507
sz399001,2014-12-22,10607.58,10608.52,10474.92,10742.37,51964714.0,60466861100.0,-0.001749299668489357
sz399001,2014-12-19,10646.66,10627.11,10382.29,10684.6,43553134.0,55323334800.00001,-0.0035695600074260314
sz399001,2014-12-18,10744.27,10665.18,10656.35,10812.15,38134683.0,55374547100.0,-0.011267558627645724
sz399001,2014-12-17,10728.74,10786.72,10533.12,10788.97,49103671.0,71418408000.0,0.011069847834115132
sz399001,2014-12-16,10486.69,10668.62,10429.56,10668.62,40816314.0,54044686600.0,0.015649885807907937
sz399001,2014-12-15,10477.45,10504.23,10298.38,10531.66,33726222.0,44713310900.0,0.004006763324734264
sz399001,2014-12-12,10451.61,10462.31,10390.02,10622.88,32266165.999999996,42535325599.99999,-0.0015812758615424416
sz399001,2014-12-11,10443.66,10478.88,10387.59,10725.77,43772724.0,54525197400.0,-0.006319271121765557
sz399001,2014-12-10,10154.53,10545.52,10048.46,10567.45,51460561.0,67578471000.0,0.04240897781740505
sz399001,2014-12-09,10496.63,10116.49,10042.01,11050.85,77166179.0,102296762800.0,-0.041506191157005934
sz399001,2014-12-08,10047.12,10554.57,9919.65,10587.62,59265651.0,74316429000.0,0.04840334231291865
sz399001,2014-12-05,10164.37,10067.28,9749.14,10319.87,63500593.00000001,79075440000.0,0.0037338618899822595
sz399001,2014-12-04,9679.59,10029.83,9659.95,10040.72,50172748.0,63676846200.0,0.040015885656454975
sz399001,2014-12-03,9448.37,9643.92,9441.83,9777.77,60481450.0,72509369200.0,0.029568856458078496
sz399001,2014-12-02,9058.32,9366.95,9027.3,9433.64,41321915.0,49038344800.00001,0.029814990720951284
sz399001,2014-12-01,9029.64,9095.76,9028.83,9180.64,45708454.0,50968931400.0,0.01038964789835406
sz399001,2014-11-28,8837.47,9002.23,8767.12,9010.17,43615324.0,49741167600.0,0.016003737967570375
sz399001,2014-11-27,8798.41,8860.43,8743.93,8860.43,34275803.0,39575709600.0,0.011028346215902207
sz399001,2014-11-26,8712.29,8763.78,8680.86,8774.78,28675531.0,34721353100.0,0.00809231799186283
sz399001,2014-11-25,8600.31,8693.43,8578.46,8694.59,28159509.999999996,33290125900.0,0.013467149923466204
sz399001,2014-11-24,8498.06,8577.91,8464.61,8645.39,36060253.0,39649755100.0,0.029476855130036173
sz399001,2014-11-21,8209.98,8332.3,8194.52,8335.59,18012632.0,19624591000.0,0.015467900328808737
sz399001,2014-11-20,8210.82,8205.38,8190.4,8236.32,13024274.0,15127947200.0,-0.002393900599022336
sz399001,2014-11-19,8206.78,8225.07,8202.78,8265.58,13597514.000000002,14208274400.0,0.0034746156633429504
sz399001,2014-11-18,8264.4,8196.59,8173.44,8295.98,14022122.0,14768833799.999998,-0.010527777107124603
sz399001,2014-11-17,8358.13,8283.8,8278.12,8389.4,17593967.0,17504682000.0,-0.00517599586881079
sz399001,2014-11-14,8263.97,8326.9,8242.49,8343.91,21578074.0,21004747300.0,0.0026273076237675053
sz399001,2014-11-13,8416.68,8305.08,8288.06,8416.81,25288369.0,26124723000.0,-0.012509675647332075
sz399001,2014-11-12,8287.57,8410.29,8271.84,8410.42,20633616.0,21127090900.0,0.011716743515191697
sz399001,2014-11-11,8443.25,8312.89,8243.9,8491.12,36597023.0,37224653900.0,-0.01157282449210606
sz399001,2014-11-10,8299.42,8410.22,8251.74,8410.95,28276314.0,28482082300.0,0.021293596620225674
sz399001,2014-11-07,8226.31,8234.87,8183.06,8348.88,28746534.999999996,28863586100.0,0.0027898333649947205
sz399001,2014-11-06,8206.55,8211.96,8137.42,8223.3,20216821.0,18536238300.0,0.001633211645445387
sz399001,2014-11-05,8221.95,8198.57,8189.84,8248.56,25511410.0,22536236300.0,-0.0010016096427472032
sz399001,2014-11-04,8231.5,8206.79,8179.34,8236.17,26973134.000000004,20921778500.0,-0.004048469991444148
sz399001,2014-11-03,8245.03,8240.15,8202.53,8285.16,29240303.999999996,23599984700.000004,0.0017676500587797683
sz399001,2014-10-31,8109.55,8225.61,8088.26,8230.59,30394312.0,28364756600.0,0.01669354988227001
sz399001,2014-10-30,8088.98,8090.55,8034.08,8105.72,22558599.0,19141581500.0,-1.6067870685754215e-05
sz399001,2014-10-29,8010.41,8090.68,7962.03,8109.64,22583607.0,21480539300.0,0.01281117228360329
sz399001,2014-10-28,7846.87,7988.34,7846.87,7988.34,15189535.999999998,15029784000.0,0.020309528401536214
sz399001,2014-10-27,7881.01,7829.33,7803.46,7881.01,12273010.0,12993106000.0,-0.011589255573384083
sz399001,2014-10-24,7982.31,7921.13,7899.54,8003.79,12222298.0,12417229800.0,-0.006026984023410176
sz399001,2014-10-23,8044.71,7969.16,7957.03,8077.78,18788332.0,15801879900.0,-0.011662863379303445
sz399001,2014-10-22,8114.89,8063.2,8059.56,8162.84,13073813.0,14606037800.0,-0.0053929235764014205
sz399001,2014-10-21,8197.17,8106.92,8101.6,8206.89,13460251.999999998,14032805600.0,-0.011857341361741658
sz399001,2014-10-20,8175.68,8204.2,8153.1,8219.8,14171360.0,15448588200.0,0.0064625983865587155
sz399001,2014-10-17,8116.82,8151.52,8015.62,8182.83,19409771.0,20142426700.0,0.005034096975719882
sz399001,2014-10-16,8156.79,8110.69,8110.69,8227.14,21547478.0,20554472900.0,-0.010664640185798824
sz399001,2014-10-15,8141.14,8198.12,8086.63,8209.9,24656075.0,21261648300.0,0.007144998255519841
sz399001,2014-10-14,8150.86,8139.96,8105.54,8200.35,25874390.0,19501775800.0,-0.002953183889897959
sz399001,2014-10-13,8179.49,8164.07,8092.49,8193.36,26624301.0,20305268800.0,-0.00578088884667205
sz399001,2014-10-10,8186.33,8211.54,8158.34,8260.23,31551255.0,23891802500.0,0.0009178438349051188
sz399001,2014-10-09,8199.68,8204.01,8131.17,8234.92,20834204.0,20500208700.0,0.0024878874340912294
sz399001,2014-10-08,8134.37,8183.65,8073.72,8183.65,17911877.0,19991133000.0,0.012784099698651685
sz399001,2014-09-30,8095.27,8080.35,8060.35,8100.29,14480374.0,14184909500.0,-0.0003092968445536082
sz399001,2014-09-29,8084.27,8082.85,8045.89,8107.15,17168052.0,18456012600.0,0.0012349991576736663
sz399001,2014-09-26,8050.64,8072.88,8021.27,8078.07,16263390.0,15249341299.999998,-0.00044945155766540346
sz399001,2014-09-25,8137.33,8076.51,8058.7,8167.03,21876831.0,21250367799.999996,-0.0029270809928618746
sz399001,2014-09-24,7944.32,8100.22,7925.38,8103.3,20105915.0,19620499400.0,0.016863150256907877
sz399001,2014-09-23,7906.47,7965.89,7906.47,7974.82,13352824.0,13597668000.0,0.00886792715685547
sz399001,2014-09-22,8036.87,7895.87,7886.88,8036.87,16885106.0,16024823600.000002,-0.018811395197117053
sz399001,2014-09-19,8006.06,8047.25,7971.22,8060.74,15566672.0,15278905100.0,0.005331954121208238
sz399001,2014-09-18,7964.47,8004.57,7942.85,8020.36,19475172.0,16533410600.0,0.0028502271411783298
sz399001,2014-09-17,7951.42,7981.82,7893.1,7986.49,20795155.0,17939061000.0,0.007669418399281813
sz399001,2014-09-16,8130.22,7921.07,7918.6,8143.91,30469764.0,24116293000.0,-0.023614971680030572
sz399001,2014-09-15,8124.73,8112.65,8051.53,8125.23,19086036.0,20002572100.0,-0.004215053657854018
sz399001,2014-09-12,8104.42,8146.99,8069.68,8147.2,18338627.0,17107605200.0,0.0035809665530086576
sz399001,2014-09-11,8153.52,8117.92,8095.86,8251.06,20648582.0,20754359200.0,-0.00498614958448762
sz399001,2014-09-10,8164.41,8158.6,8109.45,8172.12,16263741.0,16270736200.000002,-0.005231963382352767
sz399001,2014-09-09,8220.96,8201.51,8155.83,8225.1,18962550.0,17840550400.0,-0.001584996341847944
sz399001,2014-09-05,8202.66,8214.53,8158.83,8237.42,20018472.0,20773547200.0,0.004642533482866362
sz399001,2014-09-04,8141.39,8176.57,8103.2,8180.42,16072494.0,19657257900.0,0.0074791735205221865
sz399001,2014-09-03,8051.09,8115.87,8051.09,8136.56,17891131.0,19602915600.0,0.009021161685922818
sz399001,2014-09-02,7958.85,8043.31,7923.98,8046.71,17729386.0,18514843900.0,0.012863360012894898
sz399001,2014-09-01,7852.91,7941.16,7852.87,7944.15,13211657.999999998,12942112700.0,0.012683474246655724
sz399001,2014-08-29,7758.36,7841.7,7755.47,7841.7,8624791.0,9006436700.0,0.012676372821732729
sz399001,2014-08-28,7840.39,7743.54,7735.68,7854.28,10856880.0,11186487000.0,-0.012438353439007677
sz399001,2014-08-27,7809.52,7841.07,7809.52,7881.25,9980339.0,11040267000.0,0.003466863237428397
sz399001,2014-08-26,7915.33,7813.98,7786.23,7946.39,13142489.000000002,14021557900.0,-0.015227837843628356
sz399001,2014-08-25,8054.88,7934.81,7925.22,8056.21,13940259.0,15061224500.0,-0.01545896716877182
sz399001,2014-08-22,8003.53,8059.4,7997.59,8074.42,14129385.999999998,15193633300.0,0.0060781129263198785
sz399001,2014-08-21,8021.15,8010.71,7904.07,8024.65,18283464.0,17306866300.0,-0.001540557417547106
sz399001,2014-08-20,8029.51,8023.07,8000.21,8060.51,17872998.0,18420183500.0,-0.0025089360644018344
sz399001,2014-08-19,8064.62,8043.25,7994.5,8073.22,19164611.0,19370227700.0,-0.0003243904318493973
sz399001,2014-08-18,8018.18,8045.86,7985.89,8058.55,23521901.0,18715287000.0,0.007991661310913
sz399001,2014-08-15,7901.19,7982.07,7891.06,8012.14,16835993.0,14979466100.000002,0.01116938395469913
sz399001,2014-08-14,7977.33,7893.9,7887.95,7998.91,14991829.0,14852738100.0,-0.01085021095195915
sz399001,2014-08-13,7967.91,7980.49,7897.8,8029.73,16804416.0,16809215200.0,0.0017070651157478078
sz399001,2014-08-12,8000.92,7966.89,7933.51,8000.92,12669689.0,14878730600.0,-0.0053497366955730374
sz399001,2014-08-11,7902.24,8009.74,7902.24,8017.13,13669572.0,15646778100.0,0.01577739929717592
sz399001,2014-08-08,7890.88,7885.33,7845.26,7929.12,15031756.0,14749108700.000002,0.0015724728341981464
sz399001,2014-08-07,7990.0,7872.95,7869.88,8027.51,19042746.0,17144114800.0,-0.01532737164655118
sz399001,2014-08-06,7962.56,7995.5,7883.08,8022.54,20382283.0,18376910400.0,-0.0015310149155319808
sz399001,2014-08-05,8007.47,8007.76,7950.52,8032.28,17592818.0,18313350900.0,0.00010615830576354846
sz399001,2014-08-04,7896.97,8006.91,7892.55,8006.91,16407382.999999998,16939061900.0,0.015978977233795932
sz399001,2014-08-01,7919.78,7880.98,7880.42,8021.15,19707574.0,19835661100.0,-0.009542649093680855
sz399001,2014-07-31,7845.8,7956.91,7821.71,7957.46,19209915.0,18926715700.0,0.013202211064746727
sz399001,2014-07-30,7867.93,7853.23,7820.8,7920.97,19198255.0,20251071500.0,-0.001755425166263369
sz399001,2014-07-29,7828.35,7867.04,7799.14,7895.73,22595949.0,22460526900.0,0.007476314758229963
sz399001,2014-07-28,7630.36,7808.66,7630.36,7826.79,26934475.0,25028290299.999996,0.03042179326798733
sz399001,2014-07-25,7528.34,7578.12,7503.62,7578.12,17005432.0,14594998500.0,0.009958152304288648
sz399001,2014-07-24,7384.92,7503.4,7384.92,7510.42,20178747.0,19020590700.0,0.017367405573460504
sz399001,2014-07-23,7362.74,7375.31,7341.56,7412.84,11502796.0,12241128000.0,0.00036079293062885043
sz399001,2014-07-22,7261.37,7372.65,7258.58,7384.87,10920629.0,11858922000.0,0.013490943032589131
sz399001,2014-07-21,7264.54,7274.51,7251.35,7301.15,8037246.000000001,10662122900.0,0.0020745373272079703
sz399001,2014-07-18,7166.65,7259.45,7159.84,7312.83,9338826.0,10469084600.0,0.00899407066829383
sz399001,2014-07-17,7251.15,7194.74,7151.43,7251.15,8269894.0,9716739800.0,-0.009249632672396091
sz399001,2014-07-16,7289.19,7261.91,7251.57,7324.68,10274074.0,11295125800.0,-0.005818402855261362
sz399001,2014-07-15,7278.96,7304.41,7270.12,7314.18,11896770.0,13496526800.0,0.0035101650533189144
sz399001,2014-07-14,7206.13,7278.86,7180.21,7279.15,9999036.0,12022407500.0,0.009975065804353145
sz399001,2014-07-11,7158.58,7206.97,7146.45,7232.72,11034998.0,10683906000.0,0.006612073528939444
sz399001,2014-07-10,7193.22,7159.63,7149.38,7218.1,11291169.0,11499313000.0,-0.004599101034241659
sz399001,2014-07-09,7341.17,7192.71,7192.71,7342.32,10818708.0,12663337200.0,-0.02250782446560562
sz399001,2014-07-08,7319.29,7358.33,7277.46,7358.33,8933547.0,9125782800.0,0.005027644532829223
sz399001,2014-07-07,7336.63,7321.52,7301.57,7373.23,8062150.0,9642217600.0,-0.0016894126052814373
sz399001,2014-07-04,7346.69,7333.91,7318.57,7363.16,8127295.0,9034753000.0,-0.00022220586350840676
sz399001,2014-07-03,7300.25,7335.54,7286.18,7362.39,8430256.0,9417202000.0,0.00344168155417357
sz399001,2014-07-02,7298.02,7310.38,7258.31,7319.35,10005909.0,10467906700.0,0.0017649880095922388
sz399001,2014-07-01,7340.59,7297.5,7277.41,7350.87,8530453.0,10238663500.0,-0.006234271333790842
sz399001,2014-06-30,7312.68,7343.28,7312.68,7362.43,8614492.0,8552862700.0,0.004192751708689935
sz399001,2014-06-27,7291.18,7312.62,7270.52,7344.79,7766641.0,7623177500.0,0.0028442596422322275
sz399001,2014-06-26,7219.17,7291.88,7219.17,7306.73,6717366.0,6890989000.0,0.010284510886507503
sz399001,2014-06-25,7238.82,7217.65,7174.6,7238.82,5965387.0,5590411000.0,-0.0032040437241485087
sz399001,2014-06-24,7200.66,7240.85,7185.41,7243.32,6016415.0,5874125500.0,0.006670494531390236
sz399001,2014-06-23,7205.89,7192.87,7184.16,7253.98,7281066.0,6708770200.0,-0.000391901263117167
sz399001,2014-06-20,7181.15,7195.69,7134.54,7207.63,9631297.0,7451069900.0,0.002140573122089151
sz399001,2014-06-19,7301.39,7180.32,7148.02,7324.64,9487351.0,8163520800.0,-0.016044070490859763
sz399001,2014-06-18,7329.94,7297.4,7291.74,7351.97,9589243.0,7803319500.0,-0.004633513245137055
sz399001,2014-06-17,7400.08,7331.37,7320.72,7400.08,8137553.0,8783569900.0,-0.011543766406588052
sz399001,2014-06-16,7397.05,7416.99,7372.93,7433.54,10996119.0,10759239700.0,0.0021131280104305095
sz399001,2014-06-13,7293.5,7401.35,7290.14,7429.96,9831824.0,9902685900.0,0.013909951080918637
sz399001,2014-06-12,7313.83,7299.81,7280.01,7318.75,7981628.999999999,7147984300.000001,-0.00556895877635466
sz399001,2014-06-11,7323.04,7340.69,7307.36,7354.49,7796798.0,7969312000.0,-0.0001321227079434939
sz399001,2014-06-10,7229.97,7341.66,7229.62,7345.54,9409301.0,9937662600.0,0.015831769804240725
sz399001,2014-06-09,7217.54,7227.24,7205.34,7301.34,9082816.0,8433244100.0,-0.0011264078370344377
sz399001,2014-06-06,7272.23,7235.39,7195.13,7283.65,6749138.0,6449270400.0,-0.00934465554162034
sz399001,2014-06-05,7215.95,7303.64,7205.1,7306.76,5930596.0,5788175300.0,0.011146137477797025
sz399001,2014-06-04,7314.97,7223.13,7177.66,7314.97,6722075.999999999,6349117100.0,-0.01343846632939616
sz399001,2014-06-03,7365.61,7321.52,7319.78,7399.46,7039639.0,6582336200.0,-0.005880651691892336
sz399001,2014-05-30,7344.83,7364.83,7309.02,7393.38,7962274.000000001,7481090699.999999,0.0031696260740223803
sz399001,2014-05-29,7395.58,7341.56,7340.98,7432.35,9474727.0,9063377800.0,-0.0053016723368681795
sz399001,2014-05-28,7263.31,7380.69,7246.09,7381.47,10588280.0,10140290900.0,0.016607163517958323
sz399001,2014-05-27,7265.24,7260.12,7253.9,7305.96,5755948.0,5971389300.000001,-0.0020604499450866953
sz399001,2014-05-26,7289.63,7275.11,7233.17,7306.61,7411489.0,8228642800.0,0.004721775685962548
sz399001,2014-05-23,7188.56,7240.92,7161.75,7246.95,7933312.0,7145620400.0,0.007968060938126298
sz399001,2014-05-22,7201.72,7183.68,7181.04,7295.04,8527308.0,7403987400.0,-0.0029106202244383317
sz399001,2014-05-21,7121.36,7204.65,7075.32,7205.24,6499364.0,5778485300.0,0.0074770876974148415
sz399001,2014-05-20,7180.32,7151.18,7130.06,7220.33,6440404.0,5958502300.0,-4.33476100784036e-05
sz399001,2014-05-19,7210.85,7151.49,7105.02,7210.85,6880433.0,5961928300.0,-0.012521109004621556
sz399001,2014-05-16,7203.82,7242.17,7187.8,7261.35,8011628.0,6599351200.0,0.003936915094326476
sz399001,2014-05-15,7309.88,7213.77,7205.71,7309.88,7690678.999999999,6601381800.000001,-0.015254889755266565
sz399001,2014-05-14,7320.36,7325.52,7303.63,7369.17,10096844.0,7198383700.0,0.0020806231199497205
sz399001,2014-05-13,7321.66,7310.31,7290.73,7362.87,10868708.0,8779578300.0,-0.0010699440021644246
sz399001,2014-05-12,7208.04,7318.14,7175.22,7334.47,14043941.0,10870207900.0,0.02173840199708499
sz399001,2014-05-09,7175.24,7162.44,7093.22,7182.42,8531574.0,7835202500.0,-0.0010516068385127975
sz399001,2014-05-08,7185.2,7169.98,7157.26,7306.79,8011425.0,7611640000.0,-0.008944405358073393
sz399001,2014-05-07,7292.01,7234.69,7232.48,7292.01,8292833.0,7537696899.999999,-0.010558145705146127
sz399001,2014-05-06,7282.92,7311.89,7282.92,7381.22,9401678.0,8797720900.0,0.00031876063675517763
sz399001,2014-05-05,7289.24,7309.56,7214.06,7334.39,6608311.0,6939620500.0,-0.0004512598354131647
sz399001,2014-04-30,7320.79,7312.86,7279.34,7335.47,6161247.0,6785483800.0,-0.003678544277411322
sz399001,2014-04-29,7234.65,7339.86,7215.12,7353.02,7979947.0,8518820000.0,0.013728409520942009
sz399001,2014-04-28,7324.87,7240.46,7233.71,7353.34,13504470.000000002,11311336800.0,-0.011359090071207611
sz399001,2014-04-25,7423.9,7323.65,7323.65,7459.01,11281113.0,9829483900.0,-0.012910677894827582
sz399001,2014-04-24,7426.28,7419.44,7392.16,7472.04,7639945.0,8253834800.0,-0.0020565642598991962
sz399001,2014-04-23,7388.26,7434.73,7379.89,7470.15,7576835.000000001,9082698600.0,0.005886714236621238
sz399001,2014-04-22,7355.63,7391.22,7276.72,7392.88,8956039.0,9316921500.0,0.005115861618798956
sz399001,2014-04-21,7412.34,7353.6,7351.19,7493.41,8915350.0,9293390400.0,-0.013699512053800045
sz399001,2014-04-18,7425.84,7455.74,7380.73,7475.72,6202099.0,6985780400.0,0.0006307844274087149
sz399001,2014-04-17,7484.16,7451.04,7441.08,7512.27,6885386.0,7454033400.0,-0.0023324755036513434
sz399001,2014-04-16,7430.61,7468.46,7430.24,7511.0,7391949.000000001,7414340500.0,0.002516876495863629
sz399001,2014-04-15,7568.17,7449.71,7438.96,7568.17,12043989.0,10968486900.0,-0.01761375025055123
sz399001,2014-04-14,7588.61,7583.28,7553.5,7618.57,8495532.0,9866729100.0,-0.0004679161125266118
sz399001,2014-04-11,7543.71,7586.83,7528.66,7611.15,12779112.0,15102183700.000002,0.003124338904167523
sz399001,2014-04-10,7534.02,7563.2,7467.19,7607.48,15608592.000000002,14644126000.0,0.006916292228324128
sz399001,2014-04-09,7510.32,7511.25,7479.62,7556.04,9516034.0,10303856800.0,0.0003449350483308855
sz399001,2014-04-08,7334.18,7508.66,7323.41,7526.47,13008332.0,13082712700.0,0.019118325687450755
sz399001,2014-04-04,7281.34,7367.8,7260.13,7367.8,8045991.0,8114679100.0,0.009564264181967763
sz399001,2014-04-03,7355.21,7298.0,7280.44,7396.85,9927097.0,10117540400.0,-0.00485301196276311
sz399001,2014-04-02,7291.73,7333.59,7284.12,7358.36,10127394.0,10684997800.0,0.0072076922337391824
sz399001,2014-04-01,7184.07,7281.11,7177.85,7302.74,7290992.0,8557308600.0,0.012730924476812344
sz399001,2014-03-31,7219.21,7189.58,7146.15,7279.57,7620828.999999999,8798500100.0,0.003350745300094715
sz399001,2014-03-28,7165.47,7165.57,7144.07,7234.45,10336011.0,9760662200.0,-0.0010386141402087823
sz399001,2014-03-27,7230.63,7173.02,7154.65,7276.87,10178739.0,9177619700.0,-0.009824424814920518
sz399001,2014-03-26,7270.02,7244.19,7228.91,7292.56,7937456.0,7652690100.0,-0.0011251525367640403
sz399001,2014-03-25,7247.11,7252.35,7220.72,7318.75,12893988.0,10603855500.0,-0.0029434570291018147
sz399001,2014-03-24,7237.26,7273.76,7180.12,7308.15,14145982.999999998,12360448899.999998,0.004445168658177678
sz399001,2014-03-21,6973.09,7241.57,6959.25,7261.27,15937145.000000002,14752398400.0,0.03477756391295461
sz399001,2014-03-20,7135.41,6998.19,6997.63,7187.31,10885766.0,11540235000.0,-0.021248594429184475
sz399001,2014-03-19,7246.06,7150.12,7098.7,7246.06,11879541.0,12281923700.000002,-0.017023762879865845
sz399001,2014-03-18,7347.04,7273.95,7266.58,7357.06,7649221.000000001,10179111900.0,-0.009082339093973046
sz399001,2014-03-17,7266.95,7340.62,7257.02,7342.34,8572950.0,9418024100.0,0.014029445812025143
sz399001,2014-03-14,7287.34,7239.06,7205.18,7317.45,10861633.0,10238190600.0,-0.01096144571399682
sz399001,2014-03-13,7226.83,7319.29,7217.84,7335.1,11774732.0,12998979500.0,0.014170668780189022
sz399001,2014-03-12,7187.88,7217.02,7139.35,7291.55,14778518.0,14537454900.0,0.0006169784140743761
sz399001,2014-03-11,7103.3,7212.57,7091.3,7258.69,11513807.0,12481383100.0,0.013223402880406354
sz399001,2014-03-10,7269.49,7118.44,7114.8,7269.49,12381375.0,11623432900.0,-0.028660786411370376
sz399001,2014-03-07,7338.75,7328.48,7306.05,7382.14,10482758.0,10542933400.0,-0.0032031969401647986
sz399001,2014-03-06,7282.74,7352.03,7186.7,7374.84,12513485.0,12616860400.0,0.007385453533987452
sz399001,2014-03-05,7352.72,7298.13,7279.3,7370.63,9477106.0,9966419500.0,-0.006666566854177991
sz399001,2014-03-04,7390.67,7347.11,7272.64,7390.67,13009498.0,11743488200.0,-0.0060606798513510585
sz399001,2014-03-03,7349.95,7391.91,7335.43,7410.66,11489102.0,11491838400.0,0.0035270495375328004
sz399001,2014-02-28,7181.43,7365.93,7174.33,7366.69,12242028.0,11722707800.0,0.024648269376831067
sz399001,2014-02-27,7352.59,7188.74,7179.17,7361.15,14333101.0,13682161100.000002,-0.017879367889819253
sz399001,2014-02-26,7271.19,7319.61,7226.18,7349.17,18844751.0,14173085400.0,0.0021440453453267505
sz399001,2014-02-25,7551.0,7303.95,7272.34,7559.8,20911652.0,18126115800.0,-0.03163129613007831
sz399001,2014-02-24,7697.21,7542.53,7465.91,7697.21,19773384.0,16578210300.0,-0.02684064119237839
sz399001,2014-02-21,7825.54,7750.56,7718.53,7859.2,13275590.0,12955062100.0,-0.011675414301234754
sz399001,2014-02-20,7956.92,7842.12,7836.27,7997.02,20264586.0,17233051000.0,-0.014058441476802686
sz399001,2014-02-19,7837.41,7953.94,7816.06,7967.07,19135559.0,18366506000.0,0.01550851774727513
sz399001,2014-02-18,7947.42,7832.47,7808.15,7947.42,13984796.0,16034883000.0,-0.014034562107563486
sz399001,2014-02-17,7922.74,7943.96,7866.3,7947.73,15914241.0,17287330600.0,0.007637228476296221
sz399001,2014-02-14,7840.96,7883.75,7821.63,7895.39,10683259.0,12189195200.0,0.0033905596332495236
sz399001,2014-02-13,7895.23,7857.11,7846.99,7936.75,14871664.000000002,14966725400.0,-0.005690906697983333
sz399001,2014-02-12,7835.06,7902.08,7809.94,7904.83,12516563.0,13272373899.999998,0.008160120028782414
sz399001,2014-02-11,7814.2,7838.12,7781.25,7877.09,16917181.0,15543783000.0,0.003323024618031356
sz399001,2014-02-10,7655.57,7812.16,7651.49,7827.39,15839495.000000002,14110134200.0,0.02567953816481694
sz399001,2014-02-07,7515.09,7616.57,7479.56,7616.57,11561429.0,9764311300.0,0.005802475493982939
sz399001,2014-01-30,7704.49,7572.63,7560.54,7705.63,9439131.0,8366704300.000001,-0.017510012857456125
sz399001,2014-01-29,7754.18,7707.59,7695.27,7790.02,10335419.0,9112375400.0,-0.0042838226270064395
sz399001,2014-01-28,7773.55,7740.75,7679.81,7810.8,13994490.0,10769712200.0,-0.00152079189530141
sz399001,2014-01-27,7810.23,7752.54,7723.6,7815.72,21269632.0,14579665600.0,-0.013061511316157404
sz399001,2014-01-24,7771.58,7855.14,7760.2,7908.89,10559328.0,11467247500.0,0.008560089465581733
sz399001,2014-01-23,7818.76,7788.47,7764.48,7855.23,8927937.0,9950627700.0,-0.004089278749944025
sz399001,2014-01-22,7612.19,7820.45,7597.44,7821.08,12165462.0,12440721299.999998,0.02989689771289128
sz399001,2014-01-21,7528.79,7593.43,7528.79,7641.6,6255231.0,6890947800.0,0.009183541923334149
sz399001,2014-01-20,7526.7,7524.33,7477.79,7573.8,6632400.0,7982837500.0,-0.002682724131395142
sz399001,2014-01-17,7637.68,7544.57,7541.27,7659.57,7124884.0,7661609700.0,-0.015996671544575514
sz399001,2014-01-16,7677.98,7667.22,7647.28,7724.4,8593216.0,8692735600.0,-0.00020602962653870627
sz399001,2014-01-15,7660.66,7668.8,7614.52,7697.04,8250650.0,7858501600.0,0.0003952636199624493
sz399001,2014-01-14,7568.6,7665.77,7543.37,7666.52,10107042.0,8524382800.0,0.012308915346989746
sz399001,2014-01-13,7646.46,7572.56,7521.19,7697.52,8178353.999999999,8924254000.0,-0.009869195244794682
sz399001,2014-01-10,7723.74,7648.04,7644.92,7732.04,8055136.0,7693345000.0,-0.012740843245029554
sz399001,2014-01-09,7774.65,7746.74,7740.85,7875.59,10505846.0,9634610500.0,-0.007100615984845238
sz399001,2014-01-08,7816.98,7802.14,7770.38,7901.22,8141039.0,8569295200.0,-0.0005341832440679539
sz399001,2014-01-07,7760.96,7806.31,7752.56,7848.36,6493786.0,7105393900.0,-0.001554014473438503
sz399001,2014-01-06,8013.37,7818.46,7790.9,8013.37,10005690.0,10316871000.0,-0.026141177554983352
sz399001,2014-01-03,8077.48,8028.33,7995.59,8094.96,9070985.0,10238571400.0,-0.010605849607918771
sz399001,2014-01-02,8083.77,8114.39,8048.27,8124.56,7200578.0,9032197700.0,-0.0009111291968888491
sz399001,2013-12-31,7968.45,8121.79,7959.28,8129.26,8320163.0,8909733200.0,0.01531258985161199
sz399001,2013-12-30,8074.69,7999.3,7988.9,8080.7,8046123.0,7729740500.0,-0.006156158954384816
sz399001,2013-12-27,7911.23,8048.85,7893.76,8092.77,9142418.0,8293771700.0,0.019186231295893696
sz399001,2013-12-26,8067.29,7897.33,7887.37,8071.73,8625506.0,8140537100.0,-0.02458385671603447
sz399001,2013-12-25,8038.21,8096.37,7997.36,8119.95,9793324.0,7076084900.0,0.008588053710838928
sz399001,2013-12-24,8017.25,8027.43,7958.37,8125.49,7083227.0,7261579100.0,0.00474622348554532
sz399001,2013-12-23,7991.34,7989.51,7903.08,8023.16,7091474.000000001,6874246400.0,0.0028606503052699406
sz399001,2013-12-20,8169.22,7966.72,7966.72,8175.4,10687510.0,10785541800.0,-0.022213603576955898
sz399001,2013-12-19,8263.69,8147.71,8143.78,8276.94,7077706.0,6827750800.0,-0.010834107284856787
sz399001,2013-12-18,8220.33,8236.95,8194.0,8259.08,6128879.0,5966366600.0,0.002863602660520659
sz399001,2013-12-17,8282.26,8213.43,8207.32,8292.59,6629471.000000001,6656005500.0,-0.0071609286965392815
sz399001,2013-12-16,8441.11,8272.67,8271.86,8446.34,10074531.0,9912492800.0,-0.018642153687741803
sz399001,2013-12-13,8323.4,8429.82,8317.34,8467.28,7293388.0,7338074900.0,0.0034723503538416356
sz399001,2013-12-12,8391.76,8400.65,8360.78,8443.79,7054575.999999999,6679056100.0,-0.0010880163618635086
sz399001,2013-12-11,8496.44,8409.8,8365.63,8497.86,10399033.0,9791622200.0,-0.016877148805787168
sz399001,2013-12-10,8534.35,8554.17,8510.0,8597.19,13519919.0,10940494600.0,0.0040482741135816624
sz399001,2013-12-09,8562.34,8519.68,8487.89,8593.67,8721352.0,8974322700.0,-0.0008209525864697476
sz399001,2013-12-06,8555.39,8526.68,8491.62,8586.15,9465800.0,9024390700.0,-0.0039844453607670305
sz399001,2013-12-05,8598.42,8560.79,8545.04,8629.2,13066691.0,12228294700.0,-0.00465420738952782
sz399001,2013-12-04,8482.4,8600.82,8460.06,8648.01,14697282.0,14649383200.0,0.012752398581339808
sz399001,2013-12-03,8353.79,8492.52,8340.21,8514.92,10486298.0,10917036200.000002,0.01383370898116687
sz399001,2013-12-02,8461.49,8376.64,8355.99,8593.99,17054734.0,16382898100.0,-0.01942848848302814
sz399001,2013-11-29,8552.18,8542.61,8520.11,8573.35,9818382.0,10000253100.0,-0.0006738126683800694
sz399001,2013-11-28,8471.27,8548.37,8463.89,8630.38,15046003.0,14102162600.0,0.011945602583498749
sz399001,2013-11-27,8353.08,8447.46,8347.81,8478.31,10752183.0,11008066200.000002,0.009815488891677937
sz399001,2013-11-26,8364.53,8365.35,8337.19,8408.61,8503581.0,8220295600.000001,-0.0016946017387566847
sz399001,2013-11-25,8351.83,8379.55,8340.33,8479.57,10897745.0,10289589100.0,-0.0040162408746111655
sz399001,2013-11-22,8496.48,8413.34,8405.46,8508.6,13731332.0,10575116600.0,-0.006926329257957442
sz399001,2013-11-21,8469.53,8472.02,8353.67,8501.65,15057947.0,13843416600.0,-0.004542527741614011
sz399001,2013-11-20,8546.4,8510.68,8435.78,8564.21,11810672.0,9852324000.0,0.005846681503000273
sz399001,2013-11-19,8517.12,8461.21,8430.73,8521.25,11280825.0,11384192400.0,-0.0073371462091216255
sz399001,2013-11-18,8356.91,8523.75,8328.86,8526.7,15376139.000000002,15380981600.0,0.0262271081675578
sz399001,2013-11-15,8163.95,8305.91,8162.78,8418.73,13580691.0,12946938899.999998,0.01831291209262753
sz399001,2013-11-14,8131.64,8156.54,8054.96,8162.62,9180236.0,8574389900.0,0.005614597460239068
sz399001,2013-11-13,8221.13,8111.0,8103.49,8227.99,8773685.0,8469386100.0,-0.020328988768387624
sz399001,2013-11-12,8179.04,8279.31,8167.47,8298.67,9842299.0,9952750300.0,0.013544432569806197
sz399001,2013-11-11,8142.39,8168.67,8082.24,8208.91,7952644.0,7738542900.0,0.001627142752041566
sz399001,2013-11-08,8185.61,8155.4,8126.8,8250.04,9309546.0,8544645900.0,-0.010297017687570187
sz399001,2013-11-07,8277.89,8240.25,8187.05,8300.76,9493080.0,9210607100.0,-0.005744546843214127
sz399001,2013-11-06,8409.87,8287.86,8285.85,8434.95,10682873.0,10384169200.0,-0.019388929840399416
sz399001,2013-11-05,8357.57,8451.73,8269.73,8460.18,10448933.0,10257933400.0,0.004134524107958448
sz399001,2013-11-04,8493.31,8416.93,8395.3,8524.48,9042106.0,8932998900.0,-0.004116321884775953
sz399001,2013-11-01,8433.76,8451.72,8370.87,8493.38,11917154.0,11105566399.999998,0.0008656614257240847
sz399001,2013-10-31,8516.15,8444.41,8428.36,8549.76,18276242.0,16026746100.000002,-0.012738838609811176
sz399001,2013-10-30,8402.65,8553.37,8377.96,8559.77,17850787.0,16050639600.0,0.01838926909650307
sz399001,2013-10-29,8352.17,8398.92,8214.54,8504.57,22634823.0,18970233400.0,0.007465801734023669
sz399001,2013-10-28,8398.25,8336.68,8297.66,8411.81,14546132.999999998,11776239500.0,-0.005123150122738451
sz399001,2013-10-25,8488.34,8379.61,8325.87,8570.28,15526571.0,14549093400.0,-0.012597625410651236
sz399001,2013-10-24,8486.11,8486.52,8423.95,8550.86,12377564.0,12276273799.999998,-0.003105852723376934
sz399001,2013-10-23,8640.8,8512.96,8492.69,8719.63,17947779.0,16298130900.0,-0.012376386948874885
sz399001,2013-10-22,8727.67,8619.64,8596.02,8744.8,18328947.0,14383223899.999998,-0.013717000475998775
sz399001,2013-10-21,8608.93,8739.52,8571.79,8742.04,15788717.000000002,15090926500.0,0.018014250652601538
sz399001,2013-10-18,8529.56,8584.87,8493.94,8629.55,10172480.0,11161777300.0,0.007471952307186891
sz399001,2013-10-17,8583.93,8521.2,8503.85,8614.95,11313576.0,11154278799.999998,-0.00253661825592566
sz399001,2013-10-16,8664.75,8542.87,8499.59,8690.38,14528560.999999998,13797273899.999998,-0.01810042124742106
sz399001,2013-10-15,8756.82,8700.35,8627.09,8765.55,13715985.999999998,15019843100.0,-0.006820698393853908
sz399001,2013-10-14,8736.76,8760.1,8707.32,8815.75,15295642.000000002,17051436500.0,0.0025326248545143315
sz399001,2013-10-11,8722.43,8737.97,8661.4,8773.18,16726935.999999998,17226846400.0,0.006007513421346644
sz399001,2013-10-10,8684.64,8685.79,8605.42,8727.14,17051384.0,17404668800.0,0.0020789661008542293
sz399001,2013-10-09,8645.63,8667.77,8601.97,8675.59,11737361.0,12882890700.0,-0.0015849740771499699
sz399001,2013-10-08,8505.11,8681.53,8461.57,8707.05,15528156.0,17275463800.0,0.019608741251760264
sz399001,2013-09-30,8485.65,8514.57,8461.66,8544.74,10704380.0,11654561500.0,0.004990386306417571
sz399001,2013-09-27,8442.14,8472.29,8425.62,8515.14,11237894.0,12468948000.0,0.0038888697986960707
sz399001,2013-09-26,8578.14,8439.47,8415.44,8612.33,13693429.999999998,15251784700.0,-0.020228217574076668
sz399001,2013-09-25,8642.49,8613.71,8587.37,8707.5,15057560.0,17143604100.0,-0.005896269965838807
sz399001,2013-09-24,8718.16,8664.8,8564.83,8718.27,15975082.0,18066050900.0,-0.006249362046680584
sz399001,2013-09-23,8503.92,8719.29,8503.92,8722.59,13180724.0,15039021200.000002,0.028128441621839695
sz399001,2013-09-18,8463.02,8480.74,8405.23,8524.34,10501674.0,13143538300.0,-0.0015352410822979667
sz399001,2013-09-17,8652.5,8493.78,8493.66,8652.5,15104109.0,15874251800.0,-0.01908072525695803
sz399001,2013-09-16,8706.38,8659.0,8627.32,8722.49,14718906.0,14868408000.0,-0.003285164730176926
sz399001,2013-09-13,8709.05,8687.54,8676.59,8766.7,15510631.0,15085005700.0,-0.0031371631049421644
sz399001,2013-09-12,8648.66,8714.88,8627.81,8766.35,21366405.0,19855742100.0,0.004524167121004563
sz399001,2013-09-11,8636.71,8675.63,8622.26,8722.39,30887036.0,25279961800.0,0.004515650201525334
sz399001,2013-09-10,8535.54,8636.63,8498.38,8636.63,23439296.0,19979762300.0,0.015507822696519735
sz399001,2013-09-09,8334.42,8504.74,8319.1,8537.92,22765557.0,20182469600.0,0.02710157686952086
sz399001,2013-09-06,8277.14,8280.33,8256.12,8354.31,10259302.0,8418107200.0,-0.0006915228709422072
sz399001,2013-09-05,8352.0,8286.06,8274.19,8364.07,10702958.0,9350536700.0,-0.007058152465679868
sz399001,2013-09-04,8354.49,8344.96,8330.52,8400.81,14195174.0,10763850200.0,-0.002758113010932317
sz399001,2013-09-03,8257.46,8368.04,8245.01,8374.31,14233346.0,12329755500.0,0.015097809446866561
sz399001,2013-09-02,8214.95,8243.58,8148.17,8269.82,13654276.0,12697123400.0,0.0050106796968723
sz399001,2013-08-30,8197.19,8202.48,8163.11,8290.39,13192853.0,11494894400.0,-0.0014620505959591634
sz399001,2013-08-29,8287.24,8214.49,8177.29,8306.32,9883317.0,8781156100.0,-0.0054350326537826454
sz399001,2013-08-28,8286.89,8259.38,8197.4,8338.29,13307378.0,11605305500.0,-0.00987680072694419
sz399001,2013-08-27,8325.97,8341.77,8280.72,8352.4,10334619.0,9925976600.0,0.0008638718014246649
sz399001,2013-08-26,8200.16,8334.57,8180.28,8346.7,11988064.0,11521207600.0,0.02060791449717625
sz399001,2013-08-23,8281.19,8166.28,8045.8,8307.02,13849007.999999998,12624319600.0,-0.009552409691159891
sz399001,2013-08-22,8223.3,8245.04,8202.05,8325.77,10924904.0,9964161700.0,0.0010866806943587992
sz399001,2013-08-21,8264.72,8236.09,8174.22,8268.65,13202135.0,10935960700.0,0.00018580227723163922
sz399001,2013-08-20,8269.82,8234.56,8192.85,8357.73,13348890.0,12178003300.0,-0.006174478500359681
sz399001,2013-08-19,8110.8,8285.72,8104.41,8319.53,14134750.0,12936962900.0,0.014401163552311358
sz399001,2013-08-16,8204.12,8168.09,8152.69,8476.05,20710383.0,18395965800.0,-0.007386190327469122
sz399001,2013-08-15,8342.63,8228.87,8225.79,8383.59,10751453.0,10277922400.0,-0.012947398345410144
sz399001,2013-08-14,8375.03,8336.81,8303.41,8467.78,15622341.0,13680579100.0,-0.003089929627570265
sz399001,2013-08-13,8353.26,8362.65,8290.22,8366.67,14116689.000000002,12521097000.0,0.0007084110650936726
sz399001,2013-08-12,8181.95,8356.73,8173.76,8357.82,17299848.0,16293602100.0,0.025872916300943904
sz399001,2013-08-09,8158.38,8145.97,8061.61,8214.68,12107171.0,11203905400.0,0.003832470514007147
sz399001,2013-08-08,8090.66,8114.87,8065.63,8170.72,11258020.0,10962869900.0,0.0023196382451282638
sz399001,2013-08-07,8167.11,8096.09,8084.05,8250.87,15510410.0,14446371299.999998,-0.00577664853686477
sz399001,2013-08-06,8033.67,8143.13,7980.4,8170.5,16080965.0,13769626399.999998,0.010265011990734818
sz399001,2013-08-05,7955.38,8060.39,7930.46,8060.39,10542942.0,9863986400.0,0.012424841141146059
sz399001,2013-08-02,8023.73,7961.47,7957.17,8084.9,11748671.0,11550459400.0,0.00374190441249711
sz399001,2013-08-01,7819.45,7931.79,7789.93,7967.03,11484753.0,10775237400.0,0.02142709969866341
sz399001,2013-07-31,7849.55,7765.4,7748.3,7956.41,11146465.0,11160937500.0,0.00455746768829135
sz399001,2013-07-30,7690.45,7730.17,7619.36,7858.54,11368911.0,9592374100.0,0.008036731894206728
sz399001,2013-07-29,7772.16,7668.54,7639.16,7772.16,11543892.0,10406730200.0,-0.022288916994757324
sz399001,2013-07-26,7845.22,7843.36,7787.39,7905.4,11676287.0,8888296900.0,-0.006490512502216772
sz399001,2013-07-25,7948.95,7894.6,7849.13,7996.63,14722138.0,12066648400.0,-0.005197930908472315
sz399001,2013-07-24,7945.29,7935.85,7817.91,7995.32,12578974.0,13378736000.0,-0.0034971181737131207
sz399001,2013-07-23,7737.03,7963.7,7726.06,7998.41,13622687.0,12550863700.000002,0.03636929139289169
sz399001,2013-07-22,7608.68,7684.23,7566.75,7717.72,8942652.0,8443616100.0,0.0026409220262553212
sz399001,2013-07-19,7914.27,7663.99,7663.99,7937.63,14267029.0,13638337400.0,-0.030398759151699095
sz399001,2013-07-18,8026.61,7904.27,7887.36,8064.02,10068832.0,9125981900.0,-0.019783476772737396
sz399001,2013-07-17,8161.65,8063.8,8055.99,8215.61,12955554.0,11452108899.999998,-0.015009747541127827
sz399001,2013-07-16,8109.85,8186.68,8050.15,8201.08,14236322.0,12315789500.0,0.006010246050207835
sz399001,2013-07-15,8072.75,8137.77,8003.99,8247.67,14406691.0,14047444500.0,0.015591226082138254
sz399001,2013-07-12,8171.01,8012.84,7999.44,8218.19,16862573.0,15161411700.0,-0.021006088136868883
sz399001,2013-07-11,7858.07,8184.77,7849.49,8281.55,23843405.0,20576905300.0,0.0424798598949212
sz399001,2013-07-10,7609.4,7851.25,7584.12,7851.25,11858693.0,10100383700.0,0.03299532792051019
sz399001,2013-07-09,7624.13,7600.47,7570.54,7684.22,7123003.999999999,6407798800.0,-0.0048653836334046074
sz399001,2013-07-08,7741.41,7637.63,7634.29,7811.0,10455931.0,9157787600.0,-0.027869597369851284
sz399001,2013-07-05,7852.63,7856.59,7852.63,7968.87,12261267.0,11533206500.0,0.006724661748745309
sz399001,2013-07-04,7641.45,7804.11,7597.26,7901.91,14832579.999999998,13208492600.0,0.01302873669152893
sz399001,2013-07-03,7748.59,7703.74,7591.58,7748.59,11999146.0,10754585600.0,-0.008379629391260468
sz399001,2013-07-02,7720.77,7768.84,7652.66,7796.56,12114196.0,12245987400.0,0.006524600698583294
sz399001,2013-07-01,7649.3,7718.48,7544.78,7725.92,11134735.0,10219044300.0,0.00312042284913705
sz399001,2013-06-28,7508.35,7694.47,7479.9,7841.75,11671183.0,11790140300.0,0.019901038263172577
sz399001,2013-06-27,7598.93,7544.33,7544.33,7712.4,10189472.0,10144917900.0,-0.002916842884330695
sz399001,2013-06-26,7544.89,7566.4,7409.25,7591.1,10799872.0,11377808000.0,0.009512881749409452
sz399001,2013-06-25,7486.83,7495.1,7045.6,7582.37,14507340.0,14418877300.0,-0.012310700900834415
sz399001,2013-06-24,8115.84,7588.52,7558.03,8115.84,12539421.0,12730662500.0,-0.06729678406597794
sz399001,2013-06-21,8012.92,8136.05,7969.96,8189.7,8164144.0,9107402200.0,-0.0014028877640692716
sz399001,2013-06-20,8369.04,8147.48,8138.57,8388.43,6948271.000000001,8312627200.0,-0.03250827669084366
sz399001,2013-06-19,8428.65,8421.24,8257.42,8431.97,8379157.000000001,9307216000.0,-0.005858902332346094
sz399001,2013-06-18,8433.51,8470.87,8369.2,8497.65,6619053.999999999,8484806300.0,0.007896959961925187
sz399001,2013-06-17,8500.04,8404.5,8357.62,8521.03,6823313.0,9484213800.0,-0.008840185577855042
sz399001,2013-06-14,8459.05,8479.46,8433.28,8501.72,6342058.0,8720238800.0,0.005577277249855461
sz399001,2013-06-13,8642.32,8432.43,8362.02,8642.32,8541579.0,10499408500.0,-0.03779036264735658
sz399001,2013-06-07,8992.27,8763.61,8728.49,9012.16,8525858.0,11879529600.0,-0.026383471335138298
sz399001,2013-06-06,9105.43,9001.09,8995.71,9147.63,6951953.999999999,10158897800.0,-0.015568538755654338
sz399001,2013-06-05,9133.17,9143.44,9066.28,9147.36,5648903.0,8386717600.0,0.0021009899970079182
sz399001,2013-06-04,9254.63,9124.27,9091.62,9254.63,7015681.0,9833598700.0,-0.0137246466419636
sz399001,2013-06-03,9259.48,9251.24,9227.22,9345.66,6259984.0,9265309300.0,-0.000724782484243347
sz399001,2013-05-31,9397.31,9257.95,9256.95,9429.54,7196557.000000001,10396917600.0,-0.012926489387676265
sz399001,2013-05-30,9388.82,9379.19,9340.12,9427.75,7349436.0,10869564300.0,-0.0026806601165411115
sz399001,2013-05-29,9456.21,9404.4,9398.67,9511.18,10750524.0,13374572800.0,-0.003949504802636006
sz399001,2013-05-28,9263.83,9441.69,9199.41,9441.69,9547491.0,14171926500.0,0.019551585583270414
sz399001,2013-05-27,9278.22,9260.63,9223.72,9323.21,6376443.0,9594761500.0,-0.004753429928016306
sz399001,2013-05-24,9288.05,9304.86,9206.83,9365.3,7036916.0,10234555800.0,0.004228507783562652
sz399001,2013-05-23,9362.73,9265.68,9242.46,9445.4,9323860.0,13547789000.0,-0.014819682171086535
sz399001,2013-05-22,9400.79,9405.06,9347.93,9462.02,9084785.0,13580095800.0,0.00016164125425088827
sz399001,2013-05-21,9314.76,9403.54,9292.42,9403.54,9039975.0,13659621100.000002,0.010356553832268967
sz399001,2013-05-20,9274.13,9307.15,9255.69,9396.27,11047654.0,16470341800.0,0.0065831880496804995
sz399001,2013-05-17,9060.53,9246.28,9059.25,9264.21,10841688.0,14631814100.0,0.02041091098105907
sz399001,2013-05-16,8838.95,9061.33,8791.35,9061.33,8928489.0,12908223899.999998,0.021587738236835907
sz399001,2013-05-15,8823.84,8869.85,8808.35,8888.67,6379614.0,8321548500.0,0.006897420732447923
sz399001,2013-05-14,9003.47,8809.09,8773.8,9007.22,6377449.0,9320482800.0,-0.022762771957383188
sz399001,2013-05-13,9080.1,9014.28,8975.7,9110.45,5696102.0,8434986899.999999,-0.006270421864458253
sz399001,2013-05-10,9014.57,9071.16,8994.44,9117.3,5534375.0,8106893000.0,0.0023292611778016337
sz399001,2013-05-09,9071.11,9050.08,8959.81,9101.58,8337823.0,11830041299.999998,-0.002728422760070681
sz399001,2013-05-08,9081.13,9074.84,9039.07,9170.83,7165439.999999999,10288265400.0,0.00575646410799191
sz399001,2013-05-07,8974.17,9022.9,8940.71,9072.71,7560939.0,10908101500.0,0.0028698199860399676
sz399001,2013-05-06,8887.22,8997.08,8868.53,9016.42,7656861.0,11459274900.0,0.016885782487612522
sz399001,2013-05-03,8736.48,8847.68,8736.48,8967.09,8054225.0,11666901399.999998,0.014851689568947668
sz399001,2013-05-02,8643.9,8718.2,8597.71,8726.14,6818020.0,9569085600.0,0.0030846619470534797
sz399001,2013-04-26,8809.19,8691.39,8667.58,8857.89,5491897.0,7855245800.0,-0.00925497402132558
sz399001,2013-04-25,8870.69,8772.58,8758.28,8941.27,7769648.0,11190113300.0,-0.015605415383234233
sz399001,2013-04-24,8786.42,8911.65,8742.19,8985.02,8588595.0,13001301000.0,0.013478704397637653
sz399001,2013-04-23,9055.23,8793.13,8783.77,9055.47,8342200.999999999,12189886299.999998,-0.029200827590470935
sz399001,2013-04-22,9095.73,9057.62,9012.72,9140.45,8431625.0,12387041200.000002,-0.005879583237754837
sz399001,2013-04-19,8910.43,9111.19,8903.7,9142.9,9492755.0,14047089100.0,0.025109079412512614
sz399001,2013-04-18,8837.25,8888.02,8813.05,8996.63,6465598.0,10464820300.0,-0.0007139347699725018
sz399001,2013-04-17,8852.78,8894.37,8819.96,8917.69,6663633.0,10173817100.0,0.004738817182194266
sz399001,2013-04-16,8656.23,8852.42,8645.19,8861.21,7687777.0,10274378200.0,0.013623497728271872
sz399001,2013-04-15,8792.91,8733.44,8694.17,8818.18,6739241.0,9131311400.0,-0.0115119720661222
sz399001,2013-04-12,8911.38,8835.15,8823.83,8975.44,5852442.0,8990421300.0,-0.009591164828808396
sz399001,2013-04-11,9017.61,8920.71,8915.71,9036.95,5473874.0,8340242800.0,-0.004640549858853205
sz399001,2013-04-10,8994.44,8962.3,8891.14,9006.92,7244486.0,12046446600.0,-0.003425956093053628
sz399001,2013-04-09,8965.62,8993.11,8961.88,9067.25,7028260.000000001,10113371400.0,0.004385827756582694
sz399001,2013-04-08,8828.07,8953.84,8748.74,8960.98,8545781.0,12340113700.000002,-0.0011857923558223904
sz399001,2013-04-03,9007.65,8964.47,8930.99,9062.11,5073794.0,7442157800.0,0.0004475216674144633
sz399001,2013-04-02,8974.02,8960.46,8928.32,9112.93,6388590.0,9389499300.0,0.002539786255169041
sz399001,2013-04-01,8901.64,8937.76,8884.18,9000.21,5666008.0,7913104600.0,0.005398339889558512
sz399001,2013-03-29,8976.08,8889.77,8879.29,8996.43,5089136.0,7686510000.0,-0.007756220937889968
sz399001,2013-03-28,9099.48,8959.26,8946.17,9099.48,9088063.0,12898443899.999998,-0.028820190067782137
sz399001,2013-03-27,9220.35,9225.13,9168.63,9357.52,6331553.0,9679693100.0,-0.00016365654235994676
sz399001,2013-03-26,9290.05,9226.64,9149.14,9339.35,7362966.0,10409654100.0,-0.009286888511166436
sz399001,2013-03-25,9368.89,9313.13,9279.95,9393.48,6933053.999999999,9058158200.0,-0.0032407868219419544
sz399001,2013-03-22,9319.22,9343.41,9285.85,9371.9,7429639.999999999,9987465800.0,0.0018356709902864754
sz399001,2013-03-21,9315.86,9326.29,9263.52,9382.91,8105153.0,11885528700.000002,0.000892898345884463
sz399001,2013-03-20,9035.65,9317.97,9027.82,9329.72,11266822.0,15830131800.0,0.03142890666855558
sz399001,2013-03-19,9013.29,9034.04,8930.06,9081.03,6842669.0,9853817500.0,0.0038915348560177865
sz399001,2013-03-18,9048.36,8999.02,8975.63,9152.3,7520863.0,11035905400.0,-0.011019541085073747
sz399001,2013-03-15,9087.37,9099.29,8937.07,9312.13,10168277.0,14081646700.0,0.0013249332856475338
sz399001,2013-03-14,9029.84,9087.25,9009.01,9137.55,5868062.0,8745348300.0,0.0015463088076781428
sz399001,2013-03-13,9150.95,9073.22,9028.76,9159.14,7595525.999999999,9859398100.0,-0.009867257989183309
sz399001,2013-03-12,9268.17,9163.64,9082.58,9396.41,8519090.0,12061675900.0,-0.012236503412682342
sz399001,2013-03-11,9256.96,9277.16,9155.94,9340.91,6601197.0,9497415000.0,-0.0009336806725946944
sz399001,2013-03-08,9396.85,9285.83,9282.53,9417.3,7486625.0,10971810700.0,-0.011482175800989869
sz399001,2013-03-07,9409.21,9393.69,9268.48,9506.29,12076866.0,17897021700.0,-0.003974056241166202
sz399001,2013-03-06,9396.75,9431.17,9342.38,9444.99,12107439.0,17490643000.0,0.009615312561888745
sz399001,2013-03-05,9138.5,9341.35,9085.36,9353.26,11820196.0,16482835600.0,0.0220574961021911
sz399001,2013-03-04,9393.73,9139.75,9081.44,9397.82,17926753.0,22527833400.0,-0.052889388133229076
sz399001,2013-03-01,9630.87,9650.14,9497.71,9679.45,9494194.0,14171324600.0,0.0009023548349622601
sz399001,2013-02-28,9393.33,9641.44,9350.65,9641.44,11788138.0,17277291300.0,0.033021758789016475
sz399001,2013-02-27,9241.66,9333.24,9232.88,9375.72,8130053.0,11416371500.0,0.013597913994632949
sz399001,2013-02-26,9291.88,9208.03,9193.93,9428.78,10177958.0,14719469700.0,-0.014379648847134052
sz399001,2013-02-25,9399.45,9342.37,9305.06,9449.32,6816467.0,10279496300.0,-0.002367441433321904
sz399001,2013-02-22,9386.47,9364.54,9353.87,9454.15,7581613.0,12511624100.0,-0.003359901065440929
sz399001,2013-02-21,9553.76,9396.11,9290.19,9553.76,13161810.999999998,18829295200.0,-0.025892946929618632
sz399001,2013-02-20,9548.18,9645.87,9510.76,9646.6,8702940.0,12589614500.0,0.00994039323919238
sz399001,2013-02-19,9787.04,9550.93,9519.74,9787.04,10438855.0,14526781000.0,-0.02500839636133856
sz399001,2013-02-18,10036.38,9795.91,9765.91,10049.53,9713316.0,13994102700.0,-0.019339098956962064
sz399001,2013-02-08,9880.26,9989.09,9880.26,10057.97,8657513.0,13863081100.000002,0.008512051756828454
sz399001,2013-02-07,9896.23,9904.78,9782.5,9934.3,10453840.0,16318092800.0,-0.0018079720076751293
sz399001,2013-02-06,9942.04,9922.72,9884.13,9973.54,10488484.0,16635153400.0,-0.0023386332970708468
sz399001,2013-02-05,9717.56,9945.98,9709.6,9971.64,14597435.999999998,20703746600.0,0.018968673770570765
sz399001,2013-02-04,9830.9,9760.83,9693.62,9858.57,17546827.0,24604007799.999996,-0.006054811008636252
sz399001,2013-02-01,9648.92,9820.29,9609.84,9820.83,14574137.0,20871766900.0,0.015786637317988905
sz399001,2013-01-31,9788.26,9667.67,9637.58,9804.73,12505223.0,17657701500.0,-0.011873661057417162
sz399001,2013-01-30,9695.41,9783.84,9667.68,9788.47,12510660.0,18764997500.0,0.008158966929289635
sz399001,2013-01-29,9636.33,9704.66,9627.66,9735.22,15024474.0,22849583400.0,0.0089136826171754
sz399001,2013-01-28,9361.31,9618.92,9361.31,9618.92,12783168.0,19143029000.0,0.027977595694406387
sz399001,2013-01-25,9432.61,9357.13,9353.39,9446.0,8175209.0,12108254600.0,-0.00920682586339805
sz399001,2013-01-24,9540.63,9444.08,9385.46,9736.12,15053417.000000002,20540539500.0,-0.010916067869601975
sz399001,2013-01-23,9495.73,9548.31,9434.02,9566.53,10040500.0,13956197700.0,0.0012530986665770794
sz399001,2013-01-22,9591.82,9536.36,9456.21,9623.02,16044915.0,22819834000.0,-0.0027700946893446377
sz399001,2013-01-21,9543.24,9562.85,9465.89,9562.85,10881348.0,16324435700.0,0.013840738738165825
sz399001,2013-01-18,9358.4,9432.3,9286.05,9475.47,8730211.0,13355621900.0,0.01322021262768236
sz399001,2013-01-17,9335.05,9309.23,9258.58,9373.41,8086667.0,11259090400.0,-0.004943626623112873
sz399001,2013-01-16,9359.34,9355.48,9232.33,9438.13,10373920.0,15223041800.0,-0.002793739720668764
sz399001,2013-01-15,9332.9,9381.69,9312.87,9432.84,12381589.0,17330637500.0,0.007022123661079016
sz399001,2013-01-14,8981.74,9316.27,8976.02,9330.59,11209420.0,16679799700.0,0.03310589250288043
sz399001,2013-01-11,9185.17,9017.73,8988.3,9219.18,8711799.0,12208874900.0,-0.016611668844042415
sz399001,2013-01-10,9151.81,9170.06,9121.59,9262.67,8438069.0,11752299600.0,0.0016592261823487053
sz399001,2013-01-09,9077.5,9154.87,9066.82,9178.83,9623687.0,13843857400.0,0.004875719640632381
sz399001,2013-01-08,9102.03,9110.45,9010.16,9143.39,8577941.0,12705615100.0,0.0002173800868863207
sz399001,2013-01-07,9073.97,9108.47,9033.95,9132.79,9153941.0,12713834500.0,0.001363226096545045
sz399001,2013-01-04,9204.11,9096.07,8991.74,9217.01,11812974.0,16131275100.0,-0.0022388026957772533
