code,date,open,high,low,close,change,volume,money,traded_market_value,market_value,turnover,adjust_price,report_type,report_date,PE_TTM,PS_TTM,PC_TTM,PB
sh600780,2014-12-31,6.8,6.87,6.55,6.74,-0.01462,20532295.0,137740613.0,7727427010.0,7727427010.0,0.01790863480443279,74.79520045405917,2014-09-30 00:00:00,2014-10-29 00:00:00,15.411312763868159,1.1775505440264296,5.131819992870005,1.8399052059858563
sh600780,2014-12-30,7.15,7.15,6.77,6.84,-0.042017,16939211.0,116583537.0,7842077260.0,7842077260.0,0.014774682701863613,75.90493053853251,2014-09-30 00:00:00,2014-10-29 00:00:00,15.639969112289837,1.1950217621896422,5.207960373531028,1.8672037244371271
sh600780,2014-12-29,7.2,7.44,7.03,7.14,-0.004184,25104210.0,180895911.0,8186028010.0,8186028010.0,0.021896340835999655,79.23411014447282,2014-09-30 00:00:00,2014-10-29 00:00:00,16.325935963675594,1.247435249048931,5.43638078497325,1.9490990178710135
sh600780,2014-12-26,7.1,7.23,7.02,7.17,0.012712000000000001,12572085.0,89589374.0,8220423090.0,8220423090.0,0.010965597325477807,79.56701855008639,2014-09-30 00:00:00,2014-10-29 00:00:00,16.394530680040884,1.2526764473044527,5.459222170534766,1.9572883121691287
sh600780,2014-12-25,6.85,7.17,6.81,7.08,0.035088,13257072.0,93104012.0,8117237860.0,8117237860.0,0.011563055238595656,78.5682588436657,2014-09-30 00:00:00,2014-10-29 00:00:00,16.188739424476932,1.2369523095455102,5.390695647464201,1.932719580857271
sh600780,2014-12-24,6.85,7.0,6.78,6.84,-0.002915,11333690.0,77691124.0,7842077260.0,7842077260.0,0.00988544706074472,75.90490745102416,2014-09-30 00:00:00,2014-10-29 00:00:00,15.639964355182295,1.195021398707656,5.207958789459641,1.8672031565019314
sh600780,2014-12-23,7.1,7.15,6.75,6.86,-0.049861,18098302.0,125180184.0,7865007310.0,7865007310.0,0.015785662597178184,76.12681712293752,2014-09-30 00:00:00,2014-10-29 00:00:00,15.68568813609902,1.1985150701371055,5.22318437190374,1.8726619661332093
sh600780,2014-12-22,7.35,7.69,7.0,7.22,-0.023004,28345044.0,208000558.0,8277748220.0,8277748220.0,0.024723054173783506,80.12176862852438,2014-09-30 00:00:00,2014-10-29 00:00:00,16.50883516632727,1.2614102464345802,5.497284473012623,1.9709347433725062
sh600780,2014-12-19,7.36,7.74,7.06,7.39,-0.005384000000000001,18520202.0,135858451.0,8472653640.000001,8472653640.000001,0.016153651334672045,82.00828726885716,2014-09-30 00:00:00,2014-10-29 00:00:00,16.89754632191664,1.2911109630280782,5.626721576150387,2.0173416711762444
sh600780,2014-12-18,7.4,7.55,7.21,7.43,0.001348,12286984.0,90367082.0,8518513750.0,8518513750.0,0.010716927130627687,82.45220996732122,2014-09-30 00:00:00,2014-10-29 00:00:00,16.989015179643843,1.2980999330677148,5.657179832367856,2.028261832884495
sh600780,2014-12-17,7.15,7.75,7.01,7.42,0.033426,27308849.0,201477458.0,8507048720.000001,8507048720.000001,0.02381926638125566,82.34121401083463,2014-09-30 00:00:00,2014-10-29 00:00:00,16.966144816431292,1.2963524499651617,5.649564219799565,2.0255314165350056
sh600780,2014-12-16,6.89,7.19,6.88,7.18,0.042089999999999995,20109161.0,143199955.0,8231888120.0,8231888120.0,0.01753956976519258,79.67790050843952,2014-09-30 00:00:00,2014-10-29 00:00:00,16.417377554301222,1.2544221356586363,5.466829961506258,1.9600159242509922
sh600780,2014-12-15,6.87,6.98,6.69,6.89,-0.004335,15647419.0,107402398.0,7899402380.0,7899402380.0,0.013647958633296004,76.45971126144529,2014-09-30 00:00:00,2014-10-29 00:00:00,15.75427991277262,1.2037560437761001,5.246024778575994,1.8808509094713433
sh600780,2014-12-12,6.68,6.93,6.66,6.92,0.039039,21301347.0,145101891.0,7933797460.0,7933797460.0,0.018579415719039545,76.79260721371676,2014-09-30 00:00:00,2014-10-29 00:00:00,15.822872063166448,1.2089970459703818,5.268865309693516,1.889039897426688
sh600780,2014-12-11,6.48,6.79,6.47,6.66,0.018349,16505212.0,109914019.0,7635706800.0,7635706800.0,0.014396141025215898,73.90733862128057,2014-09-30 00:00:00,2014-10-29 00:00:00,15.22837166185913,1.1635723451866407,5.0709023527447155,1.8180644782598998
sh600780,2014-12-10,6.35,6.6,6.19,6.54,0.029921,20774804.0,133914531.0,7498126500.0,7498126500.0,0.018120155502844612,72.57564805511723,2014-09-30 00:00:00,2014-10-29 00:00:00,14.953981063328122,1.1426066556619003,4.979532903498423,1.7853059002953797
sh600780,2014-12-09,6.84,6.92,6.27,6.35,-0.07971,30572278.0,204245571.0,7280291020.0,7280291020.0,0.02666568750709089,70.46719899401724,2014-09-30 00:00:00,2014-10-29 00:00:00,14.519541851586794,1.1094119409759586,4.834868794304051,1.733439652454295
sh600780,2014-12-08,6.62,6.94,6.58,6.9,0.043873,29617813.0,202053086.0,7910867410.0,7910867410.0,0.025833186060187047,76.57064511623209,2014-09-30 00:00:00,2014-10-29 00:00:00,15.777137480127776,1.205502549170325,5.253636130245955,1.8835797981661158
sh600780,2014-12-05,6.6,6.98,6.24,6.61,0.020062,39177322.0,260093442.0,7578381680.0,7578381680.0,0.03417116072464696,73.35245294804261,2014-09-30 00:00:00,2014-10-29 00:00:00,15.114039236696202,1.1548364112974712,5.032830746887749,1.8044147115272793
sh600780,2014-12-04,6.41,6.55,6.37,6.48,0.004651,21648344.0,140203384.0,7429336350.0,7429336350.0,0.018882072706265348,71.90979856914835,2014-09-30 00:00:00,2014-10-29 00:00:00,14.8167848980711,1.1321237447306842,4.93384789050837,1.7689265079252823
sh600780,2014-12-03,6.35,6.48,6.24,6.45,0.014150999999999999,27633535.0,175287238.0,7394941270.0,7394941270.0,0.02410246332490481,71.57689443313981,2014-09-30 00:00:00,2014-10-29 00:00:00,14.748191061444324,1.1268826136943917,4.911006797891377,1.7607373186562123
sh600780,2014-12-02,5.91,6.4,5.89,6.36,0.072513,33396351.0,206387364.0,7291756050.0,7291756050.0,0.029128894453346394,70.57814312971128,2014-09-30 00:00:00,2014-10-29 00:00:00,14.542401537290129,1.111158608229338,4.842480851363728,1.7361687940515882
sh600780,2014-12-01,5.99,6.08,5.9,5.93,-0.01495,14946875.0,89243677.0,6798759960.0,6798759960.0,0.013036931627455192,65.80632880879884,2014-09-30 00:00:00,2014-10-29 00:00:00,13.55918439896778,1.0360327643854557,4.515078932715714,1.6187857807332762
sh600780,2014-11-28,6.16,6.18,5.86,6.02,-0.022727,24617581.0,148014180.0,6901945190.0,6901945190.0,0.021471894305205283,66.80506452342402,2014-09-30 00:00:00,2014-10-29 00:00:00,13.764970711098705,1.0517565244256186,4.583603809670286,1.6433539218651603
sh600780,2014-11-27,6.06,6.28,6.01,6.16,0.028381,25458457.0,156267241.0,7062455540.0,7062455540.0,0.022205321397322383,68.35865159829856,2014-09-30 00:00:00,2014-10-29 00:00:00,14.085082378310572,1.0762156781427694,4.69019793821203,1.6815709856561682
sh600780,2014-11-26,5.94,6.15,5.91,5.99,0.013536000000000001,25092343.0,151593290.0,6867550110.0,6867550110.0,0.021885990223957753,66.47210673699588,2014-09-30 00:00:00,2014-10-29 00:00:00,13.696365819973892,1.0465145487351182,4.560759036011002,1.6351634128364567
sh600780,2014-11-25,5.86,5.97,5.82,5.91,0.006814,16050205.0,94648473.0,6775829910.0,6775829910.0,0.013999275780226897,65.58435688223791,2014-09-30 00:00:00,2014-10-29 00:00:00,13.513447790679258,1.0325381128397197,4.499849078879293,1.6133254396848822
sh600780,2014-11-24,5.93,5.95,5.8,5.87,0.0017059999999999998,24164046.0,141660320.0,6729969810.0,6729969810.0,0.021076312973831897,65.14048958619755,2014-09-30 00:00:00,2014-10-29 00:00:00,13.421990348444954,1.0255500150372558,4.469394623911956,1.6024066408342377
sh600780,2014-11-21,5.71,5.88,5.67,5.86,0.029876999999999997,31208169.0,181678865.0,6718504780.0,6718504780.0,0.02722032302252824,65.02954917530448,2014-09-30 00:00:00,2014-10-29 00:00:00,13.399131430224987,1.023803406425893,4.461782822416912,1.5996775908642231
sh600780,2014-11-20,5.61,5.73,5.59,5.69,0.0070799999999999995,14120609.0,80012477.0,6523599360.0,6523599360.0,0.012316247638175012,63.143025016875306,2014-09-30 00:00:00,2014-10-29 00:00:00,13.010419137649436,0.9941026029573368,4.332345340673607,1.5532705273194984
sh600780,2014-11-19,5.55,5.65,5.52,5.65,0.012545,11833554.0,66232771.0,6477739250.0,6477739250.0,0.010321437390367326,62.699115280688034,2014-09-30 00:00:00,2014-10-29 00:00:00,12.91895295075807,0.9871138369914374,4.301887973818969,1.5423506844734267
sh600780,2014-11-18,5.6,5.6,5.51,5.58,-0.0053479999999999995,8467580.0,47017813.0,6397484080.0,6397484080.0,0.007385574674224121,61.92230002685118,2014-09-30 00:00:00,2014-10-29 00:00:00,12.75889264255719,0.9748839182371523,4.248589419550704,1.5232416183709627
sh600780,2014-11-17,5.58,5.67,5.53,5.61,0.008993000000000001,10916500.0,61270213.0,6431879150.0,6431879150.0,0.009521566492741084,62.25524105601877,2014-09-30 00:00:00,2014-10-29 00:00:00,12.827494080901852,0.9801256301069643,4.271433043467167,1.5314317151837655
sh600780,2014-11-14,5.6,5.67,5.49,5.56,-0.0194,11760755.0,65559283.0,6374554030.0,6374554030.0,0.01025794078962415,61.70036963191892,2014-09-30 00:00:00,2014-10-29 00:00:00,12.713164591728436,0.971389920551445,4.233362415266673,1.5177822989691359
sh600780,2014-11-13,5.58,5.68,5.47,5.67,0.010695,18333731.0,102461160.0,6500669310.0,6500669310.0,0.01599100797360818,62.921037764551215,2014-09-30 00:00:00,2014-10-29 00:00:00,12.964679371536239,0.9906077101279267,4.317114435311721,1.5478098092689536
sh600780,2014-11-12,5.44,5.63,5.43,5.61,0.023722999999999998,9589793.0,52957431.0,6431879150.0,6431879150.0,0.008364388925124628,62.25521820583976,2014-09-30 00:00:00,2014-10-29 00:00:00,12.827489372695263,0.9801252703614115,4.27143147567933,1.5314311530866915
sh600780,2014-11-11,5.66,5.69,5.38,5.48,-0.026643,16516477.0,91436406.0,6282833830.0,6282833830.0,0.014405966544558446,60.812561802206034,2014-09-30 00:00:00,2014-10-29 00:00:00,12.530234616879044,0.9574125719178055,4.172448480379293,1.4959428996776392
sh600780,2014-11-10,5.53,5.64,5.46,5.63,0.025501,12438280.0,69398613.0,6454809200.0,6454809200.0,0.010848890219714007,62.47714024988368,2014-09-30 00:00:00,2014-10-29 00:00:00,12.87321570285008,0.9836191365735344,4.286657906995371,1.5368902670629987
sh600780,2014-11-07,5.6,5.73,5.46,5.49,-0.02139,18503194.0,103962724.0,6294298850.0,6294298850.0,0.016138816646750098,60.92352932847816,2014-09-30 00:00:00,2014-10-29 00:00:00,12.553099122136476,0.9591596074245995,4.180062142304465,1.4986726166654138
sh600780,2014-11-06,5.51,5.63,5.49,5.61,0.016304,13861290.0,76980472.0,6431879150.0,6431879150.0,0.01209006498512958,62.255167358271585,2014-09-30 00:00:00,2014-10-29 00:00:00,12.82747889571584,0.9801244698343566,4.271427986945223,1.5314299022750781
sh600780,2014-11-05,5.74,5.79,5.51,5.52,-0.023009,18285132.0,103068644.0,6328693930.0,6328693930.0,0.01594861906048915,61.25644232264321,2014-09-30 00:00:00,2014-10-29 00:00:00,12.621694783958183,0.9644008779207367,4.2029038426939405,1.5068620238384163
sh600780,2014-11-04,5.56,5.7,5.51,5.65,0.016187,23867917.0,134422942.0,6477739250.0,6477739250.0,0.020818023981128912,62.69908558281828,2014-09-30 00:00:00,2014-10-29 00:00:00,12.918946831606622,0.987113369438139,4.301885936199967,1.542349953928354
sh600780,2014-11-03,5.52,5.64,5.46,5.56,0.007245999999999999,18552250.0,103095701.0,6374554030.0,6374554030.0,0.016181604158432398,61.70034214452485,2014-09-30 00:00:00,2014-10-29 00:00:00,12.713158928038462,0.9713894877991343,4.233360529311993,1.5177816228000887
sh600780,2014-10-31,5.49,5.54,5.42,5.52,0.003636,13812263.0,75618820.0,6328693930.0,6328693930.0,0.012047302745765744,61.2564777070595,2014-09-30 00:00:00,2014-10-29 00:00:00,12.62170207480443,0.9644014350011162,4.202906270476123,1.5068628942682212
sh600780,2014-10-30,5.33,5.52,5.31,5.5,0.029963,22370898.0,121833750.0,6305763880.0,6305763880.0,0.019512297215924297,61.034556061220904,2014-09-30 00:00:00,2014-10-29 00:00:00,12.575975826698555,0.9609075750582047,4.187679866481596,1.5014037900874635
sh600780,2014-10-29,5.25,5.39,5.25,5.34,0.021033,10548670.0,56130442.0,6122323470.0,6122323470.0,0.009200738588220984,59.25897926548906,2014-09-30 00:00:00,2014-10-29 00:00:00,12.210123884740089,0.9329534896478852,4.065854663207898,1.4577259475218658
sh600780,2014-10-28,5.1,5.23,5.1,5.23,0.025490000000000002,5741338.0,29770445.0,5996208200.0,5996208200.0,0.005007697654661158,58.03826053172527,2014-06-30 00:00:00,2014-08-15 00:00:00,12.724390110299304,0.9223873376164151,3.974100334056978,1.4901428309982494
sh600780,2014-10-27,5.07,5.1,5.03,5.1,0.0039369999999999995,3879232.0,19670019.0,5847162870.0,5847162870.0,0.0033835355094187754,56.595637726087304,2014-06-30 00:00:00,2014-08-15 00:00:00,12.408107451364035,0.8994600996756821,3.8753184663497238,1.4531032296738626
sh600780,2014-10-24,5.06,5.1,5.04,5.08,0.003953,5324434.0,27016669.0,5824232820.0,5824232820.0,0.004644066533040827,56.373694490876716,2014-06-30 00:00:00,2014-08-15 00:00:00,12.359448303393572,0.8959328121940737,3.8601211693061646,1.44740479698812
sh600780,2014-10-23,5.2,5.24,5.0,5.06,-0.034351,11563628.0,58900928.0,5801302770.0,5801302770.0,0.010086003092715673,56.151726715171634,2014-06-30 00:00:00,2014-08-15 00:00:00,12.31078377513048,0.892405134696618,3.844922191881656,1.4417057342207453
sh600780,2014-10-22,5.4,5.4,5.19,5.24,-0.026022000000000003,7481024.0,39633096.0,6007673220.0,6007673220.0,0.006525082893906137,58.14921023598806,2014-06-30 00:00:00,2014-08-15 00:00:00,12.748714879972415,0.9241506330940311,3.981697482088892,1.4929914847120904
sh600780,2014-10-21,5.33,5.46,5.3,5.38,0.011278,10087961.0,54409827.0,6168183570.0,6168183570.0,0.008798899962051552,59.70279640401329,2014-06-30 00:00:00,2014-08-15 00:00:00,13.08932530300727,0.9488413835774844,4.088077433051765,1.5328800904251334
sh600780,2014-10-20,5.23,5.34,5.23,5.32,0.013333000000000001,5477223.0,29002789.0,6099393420.0,6099393420.0,0.004777331835072872,59.03697737319837,2014-06-30 00:00:00,2014-08-15 00:00:00,12.943350199457786,0.9382596907848134,4.042486272866379,1.5157850664457582
sh600780,2014-10-17,5.38,5.42,5.2,5.25,-0.025974,11573988.0,61220653.0,6019138250.0,6019138250.0,0.010095039269117968,58.26019420387806,2014-06-30 00:00:00,2014-08-15 00:00:00,12.773047161651485,0.925914473114774,3.9892969762816155,1.4958410181507542
sh600780,2014-10-16,5.38,5.48,5.37,5.39,-0.007365999999999999,9465733.0,51336644.0,6179648600.0,6179648600.0,0.008256181568317655,59.81379778761354,2014-06-30 00:00:00,2014-08-15 00:00:00,13.113661402931221,0.950605500381688,4.095678119764375,1.5357300710153057
sh600780,2014-10-15,5.42,5.45,5.35,5.43,0.0018449999999999999,8566038.0,46252501.0,6225508700.0,6225508700.0,0.007471451504035324,60.257655679347614,2014-06-30 00:00:00,2014-08-15 00:00:00,13.21097343324047,0.9576596211510869,4.126070756960144,1.5471262026238328
sh600780,2014-10-14,5.4,5.49,5.38,5.42,-0.001842,9465173.0,51480199.0,6214043670.0,6214043670.0,0.008255693133872038,60.14668504543877,2014-06-30 00:00:00,2014-08-15 00:00:00,13.18664407492224,0.9558959930439209,4.118472175795801,1.5442770115375462
sh600780,2014-10-13,5.44,5.46,5.37,5.43,-0.012727,11452464.0,61891418.0,6225508700.0,6225508700.0,0.00998904387042299,60.25767969143039,2014-06-30 00:00:00,2014-08-15 00:00:00,13.210978697683371,0.9576600027690214,4.126072401158734,1.547126819138399
sh600780,2014-10-10,5.57,5.59,5.48,5.5,-0.0161,11848095.0,65514332.0,6305763880.0,6305763880.0,0.010334120296936965,61.034465331707025,2014-06-30 00:00:00,2014-08-15 00:00:00,13.381282277225623,0.9700052597093423,4.179261866939271,1.5670709308756536
sh600780,2014-10-09,5.61,5.64,5.49,5.59,-0.001786,13299295.0,74149385.0,6408949100.0,6408949100.0,0.011599882896557877,62.03319984928044,2014-06-30 00:00:00,2014-08-15 00:00:00,13.60024624171727,0.9858778937995144,4.247649016098456,1.5927136201602332
sh600780,2014-10-08,5.55,5.61,5.49,5.6,0.01083,12704247.0,70408053.0,6420414130.0,6420414130.0,0.011080871382980398,62.14418937149794,2014-06-30 00:00:00,2014-08-15 00:00:00,13.624579741134937,0.9876418220937739,4.255248890617098,1.5955632962072595
sh600780,2014-09-30,5.6,5.63,5.52,5.54,0.001808,12612274.0,70179608.0,6351623980.0,6351623980.0,0.011000650885507867,61.47837853199643,2014-06-30 00:00:00,2014-08-15 00:00:00,13.478606433460563,0.977060259483567,4.20965829132208,1.578468482541337
sh600780,2014-09-29,5.5,5.55,5.49,5.53,0.007286,10709319.0,59070077.0,6340158950.0,6340158950.0,0.00934085951741005,61.36742622538093,2014-06-30 00:00:00,2014-08-15 00:00:00,13.454281093243978,0.9752969226474205,4.202060965097185,1.5756197620116201
sh600780,2014-09-26,5.49,5.55,5.45,5.49,-0.007233,9292531.0,51009587.0,6294298850.0,6294298850.0,0.008105111690081254,60.923537332377244,2014-06-30 00:00:00,2014-08-15 00:00:00,13.356962266172644,0.9682423091827153,4.171666205126633,1.5642228344398912
sh600780,2014-09-25,5.56,5.62,5.5,5.53,-0.005396,13057482.0,72535753.0,6340158950.0,6340158950.0,0.011388969271819283,61.3674077929436,2014-06-30 00:00:00,2014-08-15 00:00:00,13.454277052090415,0.9752966297053743,4.202059702958129,1.5756192887554594
sh600780,2014-09-24,5.46,5.61,5.4,5.56,0.016453,13413997.0,74013165.0,6374554030.0,6374554030.0,0.011699928021474468,61.70034284292402,2014-06-30 00:00:00,2014-08-15 00:00:00,13.52727020210095,0.9805878819161942,4.224857031500104,1.5841674563499237
sh600780,2014-09-23,5.44,5.49,5.37,5.47,0.007365999999999999,13468490.0,73152752.0,6271368800.0,6271368800.0,0.01174745779581644,60.701619103809044,2014-06-30 00:00:00,2014-08-15 00:00:00,13.308308600693737,0.964715419125325,4.156470620382943,1.5585250438042126
sh600780,2014-09-22,5.6,5.64,5.43,5.43,-0.037233999999999996,11125310.0,61159057.0,6225508700.0,6225508700.0,0.009703694302121847,60.25776044040502,2014-06-30 00:00:00,2014-08-15 00:00:00,13.210996401202479,0.9576612860919717,4.126077930348,1.5471288923829203
sh600780,2014-09-19,5.57,5.7,5.54,5.64,0.0053479999999999995,16897844.0,95210219.0,6466274230.0,6466274230.0,0.014738601669233567,62.58816829884418,2014-06-30 00:00:00,2014-08-15 00:00:00,13.72191830746254,0.9946978664514239,4.285649815581356,1.6069625354270094
sh600780,2014-09-18,5.43,5.68,5.4,5.61,0.021858000000000002,18835093.0,104207892.0,6431879150.0,6431879150.0,0.016428304895933873,62.25522734301376,2014-06-30 00:00:00,2014-08-15 00:00:00,13.648923862645114,0.9894065203804294,4.262852082643379,1.5984142161987784
sh600780,2014-09-17,5.55,5.58,5.31,5.49,-0.005435,21410577.0,116561149.0,6294298850.0,6294298850.0,0.0186746880838046,60.923560164928745,2014-06-30 00:00:00,2014-08-15 00:00:00,13.356967272013444,0.9682426720546587,4.171667768558233,1.5642234206697785
sh600780,2014-09-16,5.39,5.84,5.35,5.52,0.026022000000000003,41481828.0,231147580.0,6328693930.0,6328693930.0,0.03618119205837467,61.25648918364183,2014-06-30 00:00:00,2014-08-15 00:00:00,13.429959099720422,0.9735338284120783,4.194464684116405,1.5727714334103635
sh600780,2014-09-15,5.34,5.45,5.32,5.38,0.007490999999999999,15426327.0,82765837.0,6168183570.0,6168183570.0,0.013455118239939152,59.702900311730005,2014-06-30 00:00:00,2014-08-15 00:00:00,13.089348083881653,0.9488430349564416,4.088084548008138,1.5328827582745432
sh600780,2014-09-12,5.21,5.34,5.18,5.34,0.021033,18156961.0,95954987.0,6122323470.0,6122323470.0,0.015836826037550086,59.25899120858649,2014-06-30 00:00:00,2014-08-15 00:00:00,12.992024825910757,0.941788100297116,4.057688404172482,1.521485311803821
sh600780,2014-09-11,5.21,5.3,5.16,5.23,-0.0019079999999999998,14358649.0,75056728.0,5996208200.0,5996208200.0,0.012523870380284663,58.03827222879817,2014-06-30 00:00:00,2014-08-15 00:00:00,12.724392674782065,0.9223875235150245,3.974101135000026,1.4901431313227103
sh600780,2014-09-10,5.26,5.26,5.18,5.24,-0.007576,10670933.0,55717055.0,6007673220.0,6007673220.0,0.009307378559448345,58.14922094235618,2014-06-30 00:00:00,2014-08-15 00:00:00,12.748717227251658,0.9241508032476208,3.9816982151946165,1.4929917596000268
sh600780,2014-09-09,5.15,5.34,5.14,5.28,0.019305000000000003,17754545.0,93240443.0,6053533320.0,6053533320.0,0.015485831603550172,58.593122437946064,2014-06-30 00:00:00,2014-08-15 00:00:00,12.846038817331765,0.9312056170020281,4.012093838112154,1.5043890107454343
sh600780,2014-09-05,5.18,5.2,5.11,5.18,0.001934,9463901.0,48860123.0,5938883070.0,5938883070.0,0.00825458366534231,57.483405298655526,2014-06-30 00:00:00,2014-08-15 00:00:00,12.602742866297886,0.9135691642854968,3.9361072869378204,1.475896822585423
sh600780,2014-09-04,5.11,5.25,5.1,5.17,0.013725,14689051.0,76081697.0,5927418040.0,5927418040.0,0.01281205293055389,57.37244698618424,2014-06-30 00:00:00,2014-08-15 00:00:00,12.578416209349005,0.9118057319998092,3.928509549469147,1.4730479478542728
sh600780,2014-09-03,5.02,5.14,4.98,5.1,0.015936000000000002,13680659.0,69285063.0,5847162870.0,5847162870.0,0.011932515384166132,56.595671396270426,2014-06-30 00:00:00,2014-08-15 00:00:00,12.408114833262479,0.8994606347873528,3.875320771875161,1.453104094161901
sh600780,2014-09-02,4.87,5.03,4.84,5.02,0.020325,13928197.0,68911919.0,5755442670.0,5755442670.0,0.012148422449667108,55.707910140275004,2014-06-30 00:00:00,2014-08-15 00:00:00,12.213480803182957,0.8853516705652255,3.8145323838068155,1.4303106634294886
sh600780,2014-08-29,4.85,4.93,4.83,4.92,0.012346,4467392.0,21861428.0,5640792410.0,5640792410.0,0.0038965391814516355,54.59820169090732,2014-06-30 00:00:00,2014-08-15 00:00:00,11.970186757340022,0.8677153559554315,3.7385464276645344,1.4018186983848175
sh600780,2014-08-28,4.96,4.99,4.85,4.86,-0.022133,5926902.0,29170890.0,5572002260.0,5572002260.0,0.00516954989892628,53.9323528624673,2014-06-30 00:00:00,2014-08-15 00:00:00,11.82420512091718,0.8571331895966711,3.6929532271224805,1.3847229093460316
sh600780,2014-08-27,4.98,5.01,4.94,4.97,-0.002008,5309595.0,26394713.0,5698117540.0,5698117540.0,0.004631123693878733,55.153055438487335,2014-06-30 00:00:00,2014-08-15 00:00:00,12.091833675660574,0.8765335056778385,3.7765393730665626,1.416064668657426
sh600780,2014-08-26,5.07,5.14,4.96,4.98,-0.023528999999999998,7521866.0,38005383.0,5709582560.0,5709582560.0,0.00656070602121217,55.264025601895945,2014-06-30 00:00:00,2014-08-15 00:00:00,12.116162930825672,0.8782971263074638,3.7841379220139664,1.4189138476635346
sh600780,2014-08-25,5.21,5.22,5.09,5.1,-0.021113,8493216.0,43537385.0,5847162870.0,5847162870.0,0.007407934850290907,56.59566500376964,2014-06-30 00:00:00,2014-08-15 00:00:00,12.40811343176159,0.899460533192961,3.875320334156331,1.4531039300332877
sh600780,2014-08-22,5.24,5.26,5.15,5.21,-0.009506,7416419.0,38561029.0,5973278140.0,5973278140.0,0.006468733262436026,57.816341420173764,2014-06-30 00:00:00,2014-08-15 00:00:00,12.675736251233893,0.9188604335259956,3.958904688852065,1.4844450176918154
sh600780,2014-08-21,5.21,5.32,5.15,5.26,0.005736,12573668.0,65679188.0,6030603270.0,6030603270.0,0.010966978048284047,58.37121822057859,2014-06-30 00:00:00,2014-08-15 00:00:00,12.797388223688275,0.9276789496210938,3.996899212768644,1.4986915798498683
sh600780,2014-08-20,5.12,5.28,5.08,5.23,0.023483,16932729.0,87859113.0,5996208200.0,5996208200.0,0.014769028979013773,58.03831047171285,2014-06-30 00:00:00,2014-08-15 00:00:00,12.724401059212632,0.9223881312999571,3.9741037536377775,1.4901441132164586
sh600780,2014-08-19,5.16,5.17,5.05,5.11,-0.0077670000000000005,11024064.0,56226423.0,5858627890.0,5858627890.0,0.009615385734969421,56.70666779195439,2014-06-30 00:00:00,2014-08-15 00:00:00,12.432449839628633,0.9012246723198698,3.8829211170461826,1.4559539466864215
sh600780,2014-08-18,5.04,5.15,5.03,5.15,0.021825,13311427.0,67966640.0,5904487990.0,5904487990.0,0.011610464644200251,57.15055616166201,2014-06-30 00:00:00,2014-08-15 00:00:00,12.529768551971797,0.9082792774679633,3.9133158411846636,1.4673508608224293
sh600780,2014-08-15,4.96,5.08,4.94,5.04,0.014085,9855146.0,49580789.0,5778372720.0,5778372720.0,0.008595834544920114,55.92988639117463,2014-06-30 00:00:00,2014-08-15 00:00:00,12.262147189559657,0.8888794827567963,3.829731941560114,1.4360099437990157
sh600780,2014-08-14,4.96,5.02,4.91,4.97,0.00404,12377501.0,61475450.0,5698117540.0,5698117540.0,0.010795877680333002,55.15305560300629,2014-03-31 00:00:00,2014-04-29 00:00:00,13.100552173538677,0.8915806739725367,4.622258869610096,1.444102794383226
sh600780,2014-08-13,5.06,5.19,4.92,4.95,-0.021738999999999998,25050303.0,125804154.0,5675187490.0,5675187490.0,0.021849322171028397,54.93113382236393,2014-03-31 00:00:00,2014-04-29 00:00:00,13.047838904365042,0.8879931815191991,4.6036600828752805,1.4382920943221646
sh600780,2014-08-12,5.0,5.06,4.96,5.06,0.014028,6498170.0,32558788.0,5801302770.0,5801302770.0,0.005667820057597166,56.151818198174034,2014-03-31 00:00:00,2014-04-29 00:00:00,13.337789101645718,0.9077262423005712,4.7059630128107734,1.4702539448287977
sh600780,2014-08-11,4.97,5.02,4.94,4.99,0.0060479999999999996,4779303.0,23850158.0,5721047590.0,5721047590.0,0.0041685935302628735,55.3750174533386,2014-03-31 00:00:00,2014-04-29 00:00:00,13.153274960499827,0.8951688141753198,4.640861014499377,1.4499145436110223
sh600780,2014-08-08,4.9,4.98,4.89,4.96,0.006085,5080224.0,25058657.0,5686652510.0,5686652510.0,0.004431062210270344,55.042122695277556,2014-03-31 00:00:00,2014-04-29 00:00:00,13.074202185680829,0.8897873801004721,4.612961821403528,1.4411981770363067
sh600780,2014-08-07,5.06,5.09,4.92,4.93,-0.029528,9664183.0,48171175.0,5652257440.0,5652257440.0,0.008429273205574302,54.70921710916828,2014-03-31 00:00:00,2014-04-29 00:00:00,12.995126838866328,0.8844057709840344,4.585061720832264,1.4324815269448474
sh600780,2014-08-06,5.07,5.1,5.0,5.08,-0.0019649999999999997,5129722.0,25882004.0,5824232820.0,5824232820.0,0.004474235245286778,56.373823365504904,2014-03-31 00:00:00,2014-04-29 00:00:00,13.39052217773035,0.9113150827473996,4.72456878800446,1.4760668282493956
sh600780,2014-08-05,5.04,5.15,5.0,5.09,0.007921,7813519.0,39701905.0,5835697840.0,5835697840.0,0.0068150909797618986,56.48481602900189,2014-03-31 00:00:00,2014-04-29 00:00:00,13.416886359426623,0.9131093426056196,4.733870844213339,1.478973010214467
sh600780,2014-08-04,4.95,5.08,4.91,5.05,0.022267,8376807.0,41976445.0,5789837740.0,5789837740.0,0.007306400843972528,56.04091593388954,2014-03-31 00:00:00,2014-04-29 00:00:00,13.311446392551224,0.9059334437973011,4.696668532765305,1.4673501298360356
sh600780,2014-08-01,5.07,5.09,4.92,4.94,-0.031373000000000005,11628474.0,58072552.0,5663722460.0,5663722460.0,0.010142562946137018,54.820233788129265,2014-03-31 00:00:00,2014-04-29 00:00:00,13.02149672497618,0.8862004190659595,4.5943657897254875,1.4353883377200238
sh600780,2014-07-31,5.09,5.15,5.07,5.1,-0.009709,6181130.0,31518038.0,5847162870.0,5847162870.0,0.0053912921019762874,56.59581426919678,2014-03-31 00:00:00,2014-04-29 00:00:00,13.44325186576069,0.9149036926143495,4.743173367793265,1.4818793381972875
sh600780,2014-07-30,5.0,5.19,4.96,5.15,0.017787,12083753.0,60955340.0,5904487990.0,5904487990.0,0.010539665429990994,57.1506903215285,2014-03-31 00:00:00,2014-04-29 00:00:00,13.57505204607604,0.9238735812143596,4.789676335333013,1.4964079631111333
sh600780,2014-07-29,5.06,5.1,4.97,5.06,-0.007843000000000001,12750848.0,64203077.0,5801302770.0,5801302770.0,0.01112151760353649,56.15191618828743,2014-03-31 00:00:00,2014-04-29 00:00:00,13.337812377320638,0.9077278263667737,4.705971225151248,1.470256510557841
sh600780,2014-07-28,4.92,5.14,4.85,5.1,0.036585,19440471.0,96505686.0,5847162870.0,5847162870.0,0.016956326393555717,56.5957970243494,2014-03-31 00:00:00,2014-04-29 00:00:00,13.443247769577436,0.914903413841533,4.7431719225397275,1.4818788866659622
sh600780,2014-07-25,4.73,4.93,4.66,4.92,0.040168999999999996,16130567.0,77737124.0,5640792410.0,5640792410.0,0.014069368959457948,54.598317575837385,2014-03-31 00:00:00,2014-04-29 00:00:00,12.968784778457564,0.8826130166281905,4.5757674696621375,1.4295777834581458
sh600780,2014-07-24,4.6,4.75,4.6,4.73,0.02603,9349594.0,43829142.0,5422956930.0,5422956930.0,0.00815488306303034,52.48985268339798,2014-03-31 00:00:00,2014-04-29 00:00:00,12.467959320511921,0.8485284762650979,4.399061565632255,1.37437068731922
sh600780,2014-07-23,4.55,4.7,4.52,4.61,0.013187,8066289.0,37334845.0,5285376630.0,5285376630.0,0.007035561492237498,51.15820461721195,2014-03-31 00:00:00,2014-04-29 00:00:00,12.151651823545043,0.8270016239925712,4.287459007662793,1.3395034134666823
sh600780,2014-07-22,4.48,4.58,4.48,4.55,0.015625,4852662.0,22038415.0,5216586480.0,5216586480.0,0.0042325785616037555,50.49236184160668,2014-03-31 00:00:00,2014-04-29 00:00:00,11.99349362313674,0.8162378948728825,4.231656157908454,1.322069285794905
sh600780,2014-07-21,4.47,4.55,4.47,4.48,0.0,4947019.0,22269749.0,5136331300.0,5136331300.0,0.004314878426942593,49.71555627481273,2014-03-31 00:00:00,2014-04-29 00:00:00,11.808978336626943,0.8036803887979151,4.166553755479093,1.3017297583211371
sh600780,2014-07-18,4.41,4.54,4.4,4.48,0.009009,5504571.0,24710958.0,5136331300.0,5136331300.0,0.004801185250647676,49.71555627481273,2014-03-31 00:00:00,2014-04-29 00:00:00,11.808978336626943,0.8036803887979151,4.166553755479093,1.3017297583211371
sh600780,2014-07-17,4.53,4.56,4.42,4.44,-0.026316000000000003,7034628.0,31423432.0,5090471200.0,5090471200.0,0.006135728323146196,49.271667819427506,2014-03-31 00:00:00,2014-04-29 00:00:00,11.70354113454582,0.7965046781524397,4.129352419531534,1.290107182712084
sh600780,2014-07-16,4.58,4.64,4.51,4.56,0.0021449999999999998,7734591.0,35417039.0,5228051500.0,5228051500.0,0.00674624857081075,50.60334545851376,2014-03-31 00:00:00,2014-04-29 00:00:00,12.01985565598882,0.8180320084878048,4.240957455942106,1.3249752308881362
sh600780,2014-07-15,4.66,4.71,4.6,4.66,0.0043100000000000005,5789184.0,26919755.0,5342701760.0,5342701760.0,0.005049429792614889,50.49503361141726,2014-03-31 00:00:00,2014-04-29 00:00:00,11.994128250890661,0.81628108555928,4.231880073185124,1.3221392422135878
sh600780,2014-07-14,4.53,4.71,4.52,4.64,0.026549,8589368.0,39727694.0,5319771710.0,5319771710.0,0.007491800342688013,50.27833399191212,2014-03-31 00:00:00,2014-04-29 00:00:00,11.94265540609041,0.8127780123261543,4.213718944534182,1.316465276870277
sh600780,2014-07-11,4.56,4.59,4.5,4.52,-0.008772,6707395.0,30436502.0,5182191400.0,5182191400.0,0.005850309851542727,48.97801662844358,2014-03-31 00:00:00,2014-04-29 00:00:00,11.633789917568876,0.7917576387743346,4.104742145318131,1.2824183520419163
sh600780,2014-07-10,4.4,4.56,4.37,4.56,0.041096,11346434.0,51164952.0,5228051500.0,5228051500.0,0.009896562618023177,49.41145390207256,2014-03-31 00:00:00,2014-04-29 00:00:00,11.736744641564682,0.7987644000919412,4.141067590219537,1.2937672786098822
sh600780,2014-07-09,4.47,4.5,4.36,4.38,-0.022321,5766048.0,25516924.0,5021681050.0,5021681050.0,0.005029250163150047,47.460996778464775,2014-03-31 00:00:00,2014-04-29 00:00:00,11.273450903244926,0.7672341456426123,3.97760397717361,1.2426973868018725
sh600780,2014-07-08,4.39,4.48,4.38,4.48,0.020501,5998839.0,26693255.0,5136331300.0,5136331300.0,0.0052322946380035885,48.54455989999251,2014-03-31 00:00:00,2014-04-29 00:00:00,11.530830572452642,0.784750562958407,4.068415069949963,1.2710689160776414
sh600780,2014-07-07,4.47,4.48,4.38,4.39,-0.013483000000000002,3739199.0,16549146.0,5033146080.0,5033146080.0,0.0032613962219828914,47.56934084336273,2014-03-31 00:00:00,2014-04-29 00:00:00,11.29918596106485,0.768985589390316,3.986684060035181,1.2455342190528391
sh600780,2014-07-04,4.44,4.48,4.42,4.45,0.002252,3729250.0,16598752.0,5101936230.0,5101936230.0,0.0032527185272168725,48.219484148132,2014-03-31 00:00:00,2014-04-29 00:00:00,11.453615052822052,0.7794955275887957,4.041171170932869,1.2625572788434858
sh600780,2014-07-03,4.47,4.49,4.43,4.44,-0.006711,4973849.0,22188504.0,5090471200.0,5090471200.0,0.004338280031915317,48.111137865658534,2014-03-31 00:00:00,2014-04-29 00:00:00,11.427879468259531,0.7777440479927162,4.032090902221068,1.2597203885285198
sh600780,2014-07-02,4.38,4.49,4.36,4.47,0.018223,7986571.0,35496766.0,5124866280.0,5124866280.0,0.006966030022933592,48.43619315794149,2014-03-31 00:00:00,2014-04-29 00:00:00,11.505090128109273,0.7829987526215596,4.0593330865650055,1.2682314900583012
sh600780,2014-07-01,4.32,4.39,4.29,4.39,0.018561,6727995.0,29328826.0,5033146080.0,5033146080.0,0.005868277530701036,47.56933712746764,2014-03-31 00:00:00,2014-04-29 00:00:00,11.29918507842513,0.7689855293207475,3.986683748614012,1.2455341217575138
sh600780,2014-06-30,4.28,4.35,4.26,4.31,0.0070090000000000005,4683609.0,20224268.0,4941425870.0,4941425870.0,0.004085127516038199,46.702492170294796,2014-03-31 00:00:00,2014-04-29 00:00:00,11.093282658991587,0.7549724850261765,3.9140353386925395,1.222837043395058
sh600780,2014-06-27,4.21,4.3,4.21,4.28,0.01182,5164208.0,21995158.0,4907030800.0,4907030800.0,0.004504314552091256,46.37743274419076,2014-03-31 00:00:00,2014-04-29 00:00:00,11.016071017231807,0.749717713571752,3.886792807901954,1.214325833627165
sh600780,2014-06-26,4.2,4.24,4.18,4.23,0.007143000000000001,3618527.0,15266873.0,4849705670.0,4849705670.0,0.003156143950071923,45.83565529856177,2014-03-31 00:00:00,2014-04-29 00:00:00,10.887382160099433,0.7409595714373625,3.8413876063943726,1.2001401767381203
sh600780,2014-06-25,4.22,4.22,4.17,4.2,-0.007092,2724962.0,11423423.0,4815310600.0,4815310600.0,0.0023767605769812647,45.51057327366796,2014-03-31 00:00:00,2014-04-29 00:00:00,10.810165150429913,0.735704434660582,3.8141431816478626,1.1916283752536836
sh600780,2014-06-24,4.24,4.24,4.19,4.23,-0.002358,2607076.0,10983119.0,4849705670.0,4849705670.0,0.002273938302734154,45.83563962992337,2014-03-31 00:00:00,2014-04-29 00:00:00,10.887378438314439,0.7409593181448654,3.841386293239517,1.2001397664775422
sh600780,2014-06-23,4.2,4.24,4.17,4.24,0.009524,3337818.0,14044021.0,4861170700.0,4861170700.0,0.002911304538225741,45.943975524209456,2014-03-31 00:00:00,2014-04-29 00:00:00,10.913111555361983,0.7427106298099572,3.850465691339696,1.2029763847928838
sh600780,2014-06-20,4.19,4.2,4.14,4.2,0.004785,2635112.0,10998086.0,3666352110.0,4815310600.0,0.003018659983533333,45.51053320595592,2014-03-31 00:00:00,2014-04-29 00:00:00,10.81015563311222,0.7357037869431109,3.8141398236591657,1.1916273261387382
sh600780,2014-06-19,4.26,4.3,4.12,4.18,-0.023364,5414488.0,22898590.0,3648893290.0,4792380550.0,0.0062025819998698835,45.2938023616554,2014-03-31 00:00:00,2014-04-29 00:00:00,10.758675371459784,0.7322002089433172,3.795976078125336,1.1859525432194333
sh600780,2014-06-18,4.4,4.41,4.26,4.28,-0.027273000000000002,8244752.0,35628215.0,3736187390.0,4907030800.0,0.009444798902337712,46.37736307248085,2014-03-31 00:00:00,2014-04-29 00:00:00,11.016054468051337,0.7497165872887311,3.8867869688659193,1.2143240093744583
sh600780,2014-06-17,4.48,4.48,4.39,4.4,-0.017856999999999998,4142534.0,18346680.0,3840940300.0,5044611100.0,0.0047454915141482415,47.67767633928209,2014-03-31 00:00:00,2014-04-29 00:00:00,11.324918983488006,0.7707368946155819,3.995763424749102,1.2483708269375253
sh600780,2014-06-16,4.48,4.5,4.45,4.48,0.0022370000000000003,4782103.0,21398860.0,3910775580.0,5136331300.0,0.005478151584448628,48.54453612079105,2014-03-31 00:00:00,2014-04-29 00:00:00,11.530824924158708,0.784750178554021,4.068413077066274,1.2710682934537285
sh600780,2014-06-13,4.47,4.54,4.44,4.47,-0.002232,7845657.0,35183350.0,3902046170.0,5124866280.0,0.008987614513541237,48.436184376341174,2014-03-31 00:00:00,2014-04-29 00:00:00,11.505088042208287,0.7829986106619702,4.059332350597987,1.2682312601248293
sh600780,2014-06-12,4.4,4.52,4.38,4.48,0.015872999999999998,7825676.0,34983893.0,3910775580.0,5136331300.0,0.008964725222100319,48.54453578020259,2014-03-31 00:00:00,2014-04-29 00:00:00,11.53082484325844,0.7847501730482137,4.068413048522288,1.2710682845359134
sh600780,2014-06-11,4.42,4.43,4.38,4.41,-0.004515,4990026.0,21977290.0,3849669710.0,5056076130.0,0.005716338366077645,47.78602815529361,2014-03-31 00:00:00,2014-04-29 00:00:00,11.350655882436524,0.7724884636644676,4.004844157214817,1.2512078621401626
sh600780,2014-06-10,4.44,4.46,4.35,4.43,-0.002252,8195091.0,36079060.0,3867128530.0,5079006180.0,0.009387909620371475,48.00276061949061,2014-03-31 00:00:00,2014-04-29 00:00:00,11.402136528864347,0.775992067850814,4.023008038508683,1.2568826874741081
sh600780,2014-06-09,4.49,4.52,4.42,4.44,-0.013333000000000001,6188111.0,27642994.0,3875857940.0,5090471200.0,0.0070888080175611394,48.111106832076445,2014-03-31 00:00:00,2014-04-29 00:00:00,11.4278720968264,0.7777435463171202,4.032088301363354,1.2597195759591682
sh600780,2014-06-06,4.59,4.6,4.48,4.5,-0.017467,7693279.0,34740205.0,3928234400.0,5159261350.0,0.008813057464187982,48.76124045100976,2014-03-31 00:00:00,2014-04-29 00:00:00,11.582298887898753,0.7882533279385245,4.08657460051198,1.276742382140244
sh600780,2014-06-05,4.58,4.61,4.49,4.58,0.0,6696952.0,30568775.0,3998069680.0,5250981560.0,0.00767171225489997,49.628094375466034,2014-03-31 00:00:00,2014-04-29 00:00:00,11.78820343733875,0.8022665171943584,4.159223761962173,1.2994396952980143
sh600780,2014-06-04,4.72,4.75,4.54,4.58,-0.055670000000000004,16616510.0,76828992.0,3998069680.0,5250981560.0,0.01903508990368572,49.628094375466034,2014-03-31 00:00:00,2014-04-29 00:00:00,11.78820343733875,0.8022665171943584,4.159223761962173,1.2994396952980143
sh600780,2014-06-03,4.7,4.97,4.69,4.85,-0.069098,28986943.0,138692587.0,4233763740.0,5560537240.0,0.03320607435454109,52.55376232404566,2014-03-31 00:00:00,2014-04-29 00:00:00,12.483139831773585,0.8495616121423214,4.404417695045348,1.376044068596798
sh600780,2014-02-25,4.97,5.34,4.88,5.21,0.04829,30391122.0,154644625.0,4548022500.0,5973278140.0,0.034814635508069715,56.45466689731642,2013-09-30 00:00:00,2013-10-30 00:00:00,15.308259969887349,0.956490477112971,4.06634933770888,1.5825008413353916
sh600780,2014-02-24,4.9,5.04,4.82,4.97,0.008114,16539246.0,82093769.0,4338516660.0,5698117540.0,0.018946579917017075,53.85405460065099,2013-09-30 00:00:00,2013-10-30 00:00:00,14.603077363980722,0.9124292677722491,3.8790309339103497,1.5096021533501147
sh600780,2014-02-21,4.9,4.95,4.81,4.93,0.00818,11175063.0,54611574.0,4303599020.0,5652257440.0,0.012801624950179488,53.42059985344017,2013-09-30 00:00:00,2013-10-30 00:00:00,14.485541678798947,0.9050854047977204,3.8478098051513516,1.4974518292079215
sh600780,2014-02-20,4.94,4.98,4.86,4.89,-0.008114,7533934.0,37000719.0,4268681380.0,5606397340.0,0.008630519352559407,52.98716484500801,2013-09-30 00:00:00,2013-10-30 00:00:00,14.36801134598876,0.8977418762499956,3.8165900981484975,1.4853020583704515
sh600780,2014-02-19,4.84,4.96,4.82,4.93,0.016495,8568276.0,42129239.0,4303599020.0,5652257440.0,0.009815412747259153,53.42061975368944,2013-09-30 00:00:00,2013-10-30 00:00:00,14.485547074954942,0.905085741960261,3.8478112385379943,1.4974523870388847
sh600780,2014-02-18,4.84,4.9,4.81,4.85,-0.002058,8814199.0,42774184.0,4233763740.0,5560537240.0,0.010097130538039895,52.553745718069884,2013-09-30 00:00:00,2013-10-30 00:00:00,14.250485319608009,0.8903986167765322,3.785371535067063,1.4731527327127873
sh600780,2014-02-17,4.71,4.95,4.68,4.86,0.031847,13364759.0,64181074.0,4242493150.0000005,5572002260.0,0.015310037386860601,52.662124370023385,2013-09-30 00:00:00,2013-10-30 00:00:00,14.279873298857058,0.8922348360691625,3.7931778951753343,1.4761907332417992
sh600780,2014-02-14,4.66,4.71,4.64,4.71,0.008565000000000001,6912071.0,32382880.0,4111552010.0,5400026880.0,0.007918142426708595,51.036756776947925,2013-09-30 00:00:00,2013-10-30 00:00:00,13.839138262607788,0.8646968359351362,3.676104979881062,1.4306294763097622
sh600780,2014-02-13,4.65,4.69,4.6,4.67,-0.002137,7318399.0,34044888.0,4076634370.0,5354166780.0,0.008383612614736406,50.6033391768978,2013-09-30 00:00:00,2013-10-30 00:00:00,13.721612650258326,0.8573536023311699,3.6448865267791986,1.4184801934528386
sh600780,2014-02-12,4.69,4.73,4.62,4.68,-0.002132,9471728.0,44179745.0,4085363780.0,5365631810.0,0.010850364723211992,50.71171010138446,2013-09-30 00:00:00,2013-10-30 00:00:00,13.750998534125754,0.8591896907001962,3.6526923302890264,1.4215179773704796
sh600780,2014-02-11,4.66,4.73,4.63,4.69,0.006437999999999999,4954304.0,23182079.0,4094093190.0,5377096830.0,0.005675416919369146,50.82005846603405,2013-09-30 00:00:00,2013-10-30 00:00:00,13.780378300662766,0.8610253968462724,3.6604965088458856,1.4245551289053056
sh600780,2014-02-10,4.51,4.67,4.5,4.66,0.030973,6187127.0,28521971.0,4067904960.0,5342701760.0,0.007087680784951278,50.494971837345226,2013-09-30 00:00:00,2013-10-30 00:00:00,13.69222773848242,0.8555175747003517,3.6370809814870726,1.41544251002576
sh600780,2014-02-07,4.48,4.52,4.44,4.52,0.0022170000000000002,2821225.0,12650645.0,3945693220.0,5182191400.0,0.003231862258161064,48.97797695705439,2013-09-30 00:00:00,2013-10-30 00:00:00,13.280879071015844,0.8298156932338205,3.527813998511186,1.3729190871397796
sh600780,2014-01-30,4.56,4.57,4.45,4.51,-0.013129,2348770.0,10573346.0,3936963810.0,5170726380.0,0.0026906401001435673,48.8696329807361,2013-09-30 00:00:00,2013-10-30 00:00:00,13.251500494419718,0.8279800614376135,3.5200101360395863,1.3698820586158285
sh600780,2014-01-29,4.62,4.66,4.55,4.57,-0.010823000000000001,2452332.0,11231773.0,3989340270.0,5239516530.0,0.0028092758404887836,49.51977814804174,2013-09-30 00:00:00,2013-10-30 00:00:00,13.427794001870273,0.8389952298097861,3.5668391674692908,1.3881065089721234
sh600780,2014-01-28,4.57,4.65,4.55,4.62,0.010941,2904916.0,13368656.0,4032987320.0,5296841660.0,0.0033277347174996822,50.06159478843699,2013-09-30 00:00:00,2013-10-30 00:00:00,13.574713121989566,0.8481750281393382,3.6058654492262665,1.4032943638723134
sh600780,2014-01-27,4.61,4.61,4.54,4.57,-0.010823000000000001,2864261.0,13089321.0,3989340270.0,5239516530.0,0.0032811622684670114,49.51979867117565,2013-09-30 00:00:00,2013-10-30 00:00:00,13.427799566927808,0.8389955775256303,3.5668406457214283,1.3881070842633878
sh600780,2014-01-24,4.55,4.63,4.54,4.62,0.008734,3908451.0,18005378.0,4032987320.0,5296841660.0,0.0044773370673528426,50.061615536123114,2013-09-30 00:00:00,2013-10-30 00:00:00,13.574718747936728,0.8481753796596871,3.6058669436525803,1.4032949454580805
sh600780,2014-01-23,4.58,4.63,4.57,4.58,-0.002179,2962774.0,13616495.0,3998069680.0,5250981560.0,0.003394014113330811,49.628163159091606,2013-09-30 00:00:00,2013-10-30 00:00:00,13.457183705453298,0.8408315568422271,3.574645985614225,1.3911446877552263
sh600780,2014-01-22,4.5,4.61,4.47,4.59,0.022272,3831130.0,17460736.0,4006799090.0,5262446580.0,0.0043887617784199905,49.736539077742,2013-09-30 00:00:00,2013-10-30 00:00:00,13.48657094353927,0.8426677298255169,3.582452148846562,1.3941826116660467
sh600780,2014-01-21,4.43,4.52,4.43,4.49,0.0044740000000000005,2321547.0,10431669.0,3919504990.0,5147796330.0,0.002659454715989531,48.65294078067481,2013-09-30 00:00:00,2013-10-30 00:00:00,13.192742189494842,0.8243087258826582,3.504402105160429,1.363807882506854
sh600780,2014-01-20,4.5,4.53,4.45,4.47,-0.011062,2582075.0,11583194.0,3902046170.0,5124866280.0,0.0029579033017951193,48.43623705608588,2013-09-30 00:00:00,2013-10-30 00:00:00,13.133980759576493,0.8206371950719065,3.4887932441859406,1.3577333833497471
sh600780,2014-01-17,4.63,4.63,4.5,4.52,-0.027957,4944896.0,22458592.0,3945693220.0,5182191400.0,0.00566463956364048,48.97803204658521,2013-09-30 00:00:00,2013-10-30 00:00:00,13.280894009105216,0.8298166265953038,3.5278179665317144,1.3729206313740063
sh600780,2014-01-16,4.64,4.68,4.59,4.65,-0.0042829999999999995,6185371.0,28699975.0,4059175550.0,5331236730.0,0.007085669194573268,50.38669281768936,2013-09-30 00:00:00,2013-10-30 00:00:00,13.662866775549247,0.8536830434407776,3.629281797751452,1.4124073023251096
sh600780,2014-01-15,4.82,4.85,4.6,4.67,-0.044989999999999995,10529199.0,49393369.0,4076634370.0,5354166780.0,0.012061753610245895,50.60342729680156,2013-09-30 00:00:00,2013-10-30 00:00:00,13.721636544870929,0.8573550953140074,3.644892873930496,1.4184826635731935
sh600780,2014-01-14,4.68,5.02,4.61,4.89,0.033826999999999996,11867036.0,56221496.0,4268681380.0,5606397340.0,0.01359431657557913,52.98732714505771,2013-09-30 00:00:00,2013-10-30 00:00:00,14.368055355306153,0.8977446260395257,3.8166017883901695,1.4853066078608532
sh600780,2014-01-13,4.97,4.97,4.61,4.73,-0.074364,10636514.0,50428181.0,4129010830.0,5422956930.0,0.01218468860736798,51.25357254652636,2013-09-30 00:00:00,2013-10-30 00:00:00,13.89793007467028,0.8683702650825772,3.6917219112967348,1.436707116239809
sh600780,2014-01-10,5.11,5.16,5.04,5.11,0.0,5855622.0,29911195.0,4460728400.0,5858627890.0,0.0067079242977447365,55.3711961791961,2013-09-30 00:00:00,2013-10-30 00:00:00,15.014465810178386,0.9381336346928785,3.9883084833527813,1.5521296883870215
sh600780,2014-01-09,5.06,5.17,5.06,5.11,0.007890000000000001,5084872.0,26125072.0,4460728400.0,5858627890.0,0.005824989461362409,55.3711961791961,2013-09-30 00:00:00,2013-10-30 00:00:00,15.014465810178386,0.9381336346928785,3.9883084833527813,1.5521296883870215
sh600780,2014-01-08,5.07,5.1,5.03,5.07,0.0019760000000000003,2924577.0,14800826.0,4425810760.0,5812767790.0,0.003350257431702751,54.93773743086656,2013-09-30 00:00:00,2013-10-30 00:00:00,14.896929040052372,0.9307897039288797,3.957087066398894,1.5399792520880469
sh600780,2014-01-07,5.02,5.07,5.0,5.06,0.007968000000000001,2361065.0,11933338.0,4417081350.0,5801302770.0,0.0027047246707376125,54.82939454724122,2013-09-30 00:00:00,2013-10-30 00:00:00,14.867550759751104,0.9289540906457637,3.9492832826324125,1.53694225419376
sh600780,2014-01-06,5.12,5.12,5.01,5.02,-0.011811,3946656.0,20017945.0,4382163710.0,5755442670.0,0.004521102914249636,54.39596747837354,2013-09-30 00:00:00,2013-10-30 00:00:00,14.75002257983498,0.9216106966151343,3.918064147505092,1.5247927059130448
sh600780,2014-01-03,5.13,5.14,5.05,5.08,-0.011673000000000001,1915753.0,9722798.0,4434540170.0,5824232820.0,0.0021945962528060717,55.04611716824772,2013-09-30 00:00:00,2013-10-30 00:00:00,14.926317313626217,0.9326259416115077,3.9648935046889733,1.5430172830430664
sh600780,2014-01-02,5.08,5.14,5.07,5.14,0.003906,2182880.0,11133505.0,4486916630.0,5893022970.0,0.002500604340402019,55.69625960663598,2013-09-30 00:00:00,2013-10-30 00:00:00,15.102610081102934,0.9436410637486459,4.011722339558641,1.5612416569041083
sh600780,2013-12-31,5.09,5.15,5.01,5.12,0.001957,5566137.0,28314954.0,4469457810.0,5870092920.0,0.006376303939201968,55.4795564591067,2013-09-30 00:00:00,2013-10-30 00:00:00,15.043848807660215,0.9399695427148018,3.99611352014894,1.5551671739227662
sh600780,2013-12-30,5.11,5.12,5.06,5.11,0.001961,2202898.0,11234845.0,4460728400.0,5858627890.0,0.002523536017122226,55.37119503043215,2013-09-30 00:00:00,2013-10-30 00:00:00,15.014465498679298,0.9381336152297971,3.988308400608948,1.5521296561856108
sh600780,2013-12-27,5.02,5.1,5.02,5.1,0.013916999999999999,3708342.0,18766383.0,4451998990.0,5847162870.0,0.0042481016375971814,55.262824631330105,2013-09-30 00:00:00,2013-10-30 00:00:00,14.985079757275281,0.9362975357621675,3.980502634941827,1.549091886995213
sh600780,2013-12-26,5.19,5.19,5.01,5.03,-0.028957999999999998,4742589.0,24070047.0,4390893120.0,5766907690.0,0.005432886207442007,54.50428844898558,2013-09-30 00:00:00,2013-10-30 00:00:00,14.779394918198712,0.9234459386341954,3.9258663529084012,1.5278290895558644
sh600780,2013-12-25,5.15,5.2,5.14,5.18,0.005825,2443620.0,12624072.0,4521834270.0,5938883070.0,0.002799295782240157,56.129692072006755,2013-09-30 00:00:00,2013-10-30 00:00:00,15.220139724336034,0.9509845492102252,4.042941863388403,1.5733913564561208
sh600780,2013-12-24,5.14,5.22,5.1,5.15,0.0058590000000000005,2664944.0,13761572.0,4495646040.0,5904487990.0,0.0030528341150274367,55.80463010166456,2013-09-30 00:00:00,2013-10-30 00:00:00,15.131995848518415,0.9454771448415232,4.019528112135215,1.564279428783457
sh600780,2013-12-23,5.22,5.22,5.1,5.12,-0.011583,2824653.0,14588276.0,4469457810.0,5870092920.0,0.003235789210861798,55.47957527015671,2013-09-30 00:00:00,2013-10-30 00:00:00,15.043853908468696,0.9399698614234433,3.996114875082109,1.5551677012219973
sh600780,2013-12-20,5.29,5.3,5.16,5.18,-0.017078,3179176.0,16595113.0,4521834270.0,5938883070.0,0.0036419140323778383,56.12972588508363,2013-09-30 00:00:00,2013-10-30 00:00:00,15.220148893097443,0.9509851220926424,4.042944298896224,1.5733923042825015
sh600780,2013-12-19,5.37,5.39,5.24,5.27,-0.016791,2417601.0,12892447.0,4600398950.0,6042068300.0,0.0027694896482836555,57.1049644682728,2013-09-30 00:00:00,2013-10-30 00:00:00,15.484594803145564,0.9675082276036576,4.1131893465567195,1.6007295637726102
sh600780,2013-12-18,5.34,5.42,5.32,5.36,0.0037450000000000005,2712334.0,14529187.0,4678963640.0,6145253520.0,0.003107121866841436,58.08018892043584,2013-09-30 00:00:00,2013-10-30 00:00:00,15.749036881421512,0.9840310936979397,4.183433376379508,1.6280664271509009
sh600780,2013-12-17,5.45,5.45,5.33,5.34,-0.012938999999999999,3500288.0,18826237.0,4661504820.0,6122323470.0,0.004009764795223359,57.86349014982474,2013-09-30 00:00:00,2013-10-30 00:00:00,15.690276794824891,0.9803596468205965,4.167824872232995,1.6219920668605081
sh600780,2013-12-16,5.51,5.53,5.4,5.41,-0.018149000000000002,4223388.0,22973311.0,4722610690.0,6202578650.0,0.0048381140389956645,58.62200021054903,2013-09-30 00:00:00,2013-10-30 00:00:00,15.89595455075714,0.9932108013796478,4.222459272763279,1.6432541320754321
sh600780,2013-12-13,5.47,5.57,5.46,5.51,0.003643,4048560.0,22321877.0,4809904790.0,6317228900.0,0.004637839328208407,59.70559709217491,2013-09-30 00:00:00,2013-10-30 00:00:00,16.189782920990186,1.0115697813412092,4.300509214497188,1.673628821557886
sh600780,2013-12-12,5.47,5.53,5.46,5.49,-0.001818,2968637.0,16314955.0,4792445970.0,6294298850.0,0.0034007304896125933,59.48887910559324,2013-09-30 00:00:00,2013-10-30 00:00:00,16.131017623786732,1.0078980088948055,4.284899326251653,1.6675539226177893
sh600780,2013-12-11,5.58,5.6,5.46,5.5,-0.012567,4055305.0,22334016.0,4801175380.0,6305763880.0,0.004645566082195482,59.597226864032045,2013-09-30 00:00:00,2013-10-30 00:00:00,16.1603972259435,1.0097337047700774,4.292703461144013,1.6705910571597058
sh600780,2013-12-10,5.58,5.62,5.55,5.57,-0.0017920000000000002,3327297.0,18591218.0,4862281250.0,6386019050.0,0.0038115944629899807,60.3557171616019,2013-09-30 00:00:00,2013-10-30 00:00:00,16.36606962289441,1.0225845244893348,4.347336438162399,1.6918525683866203
sh600780,2013-12-09,5.6,5.62,5.5,5.58,0.0,4488583.0,24912530.0,4871010660.0,6397484080.0,0.0051419089154693,60.46406877284283,2013-09-30 00:00:00,2013-10-30 00:00:00,16.39545026977785,1.024420285641204,4.355140850566615,1.694889810927803
sh600780,2013-12-06,5.66,5.68,5.55,5.58,-0.012389,4548149.0,25420657.0,4871010660.0,6397484080.0,0.005210144914772163,60.46406877284283,2013-09-30 00:00:00,2013-10-30 00:00:00,16.39545026977785,1.024420285641204,4.355140850566615,1.694889810927803
sh600780,2013-12-05,5.6,5.76,5.6,5.65,0.008929000000000001,6097924.0,34624872.0,4932116530.0,6477739250.0,0.0069854940349513605,61.222555006822354,2013-09-30 00:00:00,2013-10-30 00:00:00,16.601121564844714,1.037271036512558,4.4097735348903715,1.7161512082467723
sh600780,2013-12-04,5.57,5.65,5.5,5.6,0.005386,7006954.0,39037971.0,4888469480.0,6420414130.0,0.008026835916749958,60.680736708749926,2013-09-30 00:00:00,2013-10-30 00:00:00,16.45420199522931,1.0280912100975965,4.370747133733268,1.700963306879644
sh600780,2013-12-03,5.49,5.59,5.45,5.57,0.014572,3857263.0,21378281.0,4862281250.0,6386019050.0,0.004418698509058891,60.35566111796855,2013-09-30 00:00:00,2013-10-30 00:00:00,16.36605442609039,1.0225835749628467,4.347332401419224,1.6918509974076068
sh600780,2013-12-02,5.68,5.68,5.4,5.49,-0.041885000000000006,7145021.0,39527859.0,4792445970.0,6294298850.0,0.008184998962022728,59.488790463336805,2013-09-30 00:00:00,2013-10-30 00:00:00,16.13099358753286,1.0078965070619403,4.284892941476035,1.667551437855181
sh600780,2013-11-29,5.75,5.77,5.71,5.73,-0.003478,4107060.0,23554998.0,5001951800.0,6569459460.0,0.004704854173124979,62.08940520014487,2013-09-30 00:00:00,2013-10-30 00:00:00,16.836176855109105,1.0519577577450934,4.472211521034568,1.7404501942409636
sh600780,2013-11-28,5.74,5.82,5.66,5.75,0.010545,7444418.0,42722394.0,5019410620.0,6592389510.0,0.008527974047279677,62.30610583624332,2013-09-30 00:00:00,2013-10-30 00:00:00,16.894937447551687,1.0556292362286968,4.48782015954948,1.7465246068234956
sh600780,2013-11-27,5.75,5.79,5.63,5.69,-0.018966,13921952.0,79389136.0,4967034160.0,6523599360.0,0.015948331404268018,61.65594390773624,2013-09-30 00:00:00,2013-10-30 00:00:00,16.71863939513004,1.0446137838777063,4.440989920834283,1.7282996866280034
sh600780,2013-11-26,5.91,6.05,5.76,5.8,-0.013605,11654743.0,68390196.0,5063057670.0,6649714630.0,0.013351123729151598,62.84791751125469,2013-09-30 00:00:00,2013-10-30 00:00:00,17.04185522125639,1.0648089504315918,4.5268460836569195,1.7617123225372446
sh600780,2013-11-25,5.88,5.97,5.81,5.88,0.0,13224022.0,78174309.0,5132892950.0,6741434840.0,0.015148815710251663,63.71475677720862,2013-09-30 00:00:00,2013-10-30 00:00:00,17.276907548453096,1.079495486525775,4.589283282718303,1.7860110022224818
sh600780,2013-11-22,5.91,5.93,5.85,5.88,-0.008431999999999999,10602124.0,62402489.0,5132892950.0,6741434840.0,0.012145293059345802,63.71475677720862,2013-09-30 00:00:00,2013-10-30 00:00:00,17.276907548453096,1.079495486525775,4.589283282718303,1.7860110022224818
sh600780,2013-11-21,5.8,5.94,5.71,5.93,0.022414,12591765.0,73637039.0,5176540000.0,6798759960.0,0.01442453191707202,64.25656815993318,2013-09-30 00:00:00,2013-10-30 00:00:00,17.423825242901238,1.0886751957765628,4.628309185772737,1.8011987097430346
sh600780,2013-11-20,5.69,5.81,5.62,5.8,0.022928,8882609.0,50828834.0,5063057670.0,6649714630.0,0.01017549780348443,62.847895431726464,2013-09-30 00:00:00,2013-10-30 00:00:00,17.041849234166627,1.0648085763463362,4.526844493299914,1.761711703618138
sh600780,2013-11-19,5.68,5.7,5.61,5.67,-0.001761,4460783.0,25236121.0,4949575350.0,6500669310.0,0.005110062545062578,61.4392170629081,2013-09-30 00:00:00,2013-10-30 00:00:00,16.659871695922515,1.0409418613493189,4.425379394541858,1.7222245393792504
sh600780,2013-11-18,5.54,5.7,5.54,5.68,0.025271000000000002,3812721.0,21457468.0,4958304760.0,6512134330.0,0.004367673293240651,61.547602390718154,2013-09-30 00:00:00,2013-10-30 00:00:00,16.6892614853983,1.04277819374851,4.433186235502578,1.7252627270415706
sh600780,2013-11-15,5.44,5.6,5.41,5.54,0.020258,3759280.0,20815504.0,4836093020.0,6351623980.0,0.004306453807623411,60.03056985979137,2013-09-30 00:00:00,2013-10-30 00:00:00,16.277902608576955,1.0170756743812224,4.323916540604951,1.6827382487572269
sh600780,2013-11-14,5.44,5.49,5.36,5.43,-0.005495,2434454.0,13189782.0,4740069510.0,6225508700.0,0.002788795647851164,58.83861715349584,2013-09-30 00:00:00,2013-10-30 00:00:00,15.954692448946199,0.9968808618812321,4.23806188297955,1.6493261986254717
sh600780,2013-11-13,5.66,5.66,5.45,5.46,-0.038732,3746217.0,20703650.0,4766257740.0,6259903780.0,0.004291489452687466,59.16372180481329,2013-09-30 00:00:00,2013-10-30 00:00:00,16.042847898146515,1.0023889893778635,4.261478708482663,1.6584393227037288
sh600780,2013-11-12,5.6,5.68,5.6,5.68,0.012478,1980234.0,11202560.0,4958304760.0,6512134330.0,0.0022684626428650582,61.54758278109049,2013-09-30 00:00:00,2013-10-30 00:00:00,16.689256168047326,1.0427778615098635,4.433184823048997,1.725262177357125
sh600780,2013-11-11,5.58,5.66,5.56,5.61,0.001786,2571425.0,14410170.0,4897198890.0,6431879150.0,0.0029457031609349243,60.78905692873375,2013-09-30 00:00:00,2013-10-30 00:00:00,16.48357413005253,1.0299264393990424,4.378549285069895,1.703999669481337
sh600780,2013-11-08,5.61,5.68,5.54,5.6,-0.0053289999999999995,2843857.0,15975043.0,4888469480.0,6420414130.0,0.0032577884070169134,60.68068123205329,2013-09-30 00:00:00,2013-10-30 00:00:00,16.45418695215598,1.0280902701765071,4.3707431378257375,1.7009617517926352
sh600780,2013-11-07,5.74,5.74,5.61,5.63,-0.019163999999999997,4146238.0,23470268.0,4914657710.0,6454809200.0,0.004749734634113512,61.00578103921125,2013-09-30 00:00:00,2013-10-30 00:00:00,16.542341087812936,1.0335983156003414,4.394159614410934,1.7100747400825351
sh600780,2013-11-06,5.76,5.84,5.7,5.74,-0.003472,3858919.0,22244378.0,5010681210.0,6580924480.0,0.004420595550120819,62.19773849982183,2013-09-30 00:00:00,2013-10-30 00:00:00,16.86555253662481,1.0537932086509276,4.480014614482884,1.743486923484186
sh600780,2013-11-05,5.77,5.77,5.63,5.76,-0.0017329999999999997,4073324.0,23267433.0,5028140030.0,6603854530.0,0.0046662078024903375,62.41444144050327,2013-09-30 00:00:00,2013-10-30 00:00:00,16.924313753978627,1.0574647261802255,4.49562341899363,1.749561400667303
sh600780,2013-11-04,5.7,5.83,5.7,5.77,0.001736,2782653.0,16048932.0,5036869440.0,6615319560.0,0.003187675996223559,62.522793441537445,2013-09-30 00:00:00,2013-10-30 00:00:00,16.953694506558495,1.0593004939362172,4.503427859474099,1.7525986541349192
sh600780,2013-11-01,5.65,5.77,5.63,5.76,0.014085,3186569.0,18151795.0,5028140030.0,6603854530.0,0.003650383109954875,62.41444197027705,2013-09-30 00:00:00,2013-10-30 00:00:00,16.924313897632207,1.0574647351559865,4.495623457152483,1.749561415517581
sh600780,2013-10-31,5.79,5.83,5.64,5.68,-0.022375,4220254.0,24091456.0,4958304760.0,6512134330.0,0.004834523870614197,61.547544801744486,2013-09-30 00:00:00,2013-10-30 00:00:00,16.689245869559468,1.0427772180398949,4.43318208745074,1.7252611127445738
sh600780,2013-10-30,5.64,5.93,5.62,5.81,0.030142000000000002,8001762.0,46429473.0,5071787080.0,6661179660.0,0.009166441036795259,62.95618954276383,2013-09-30 00:00:00,2013-10-30 00:00:00,17.071214289282157,1.066643363293589,4.534644764046276,1.7647473343506703
sh600780,2013-10-29,5.75,5.87,5.48,5.64,-0.01913,4951221.0,28058861.0,4923387120.0,6466274230.0,0.005671885179729681,61.11408868171944,2013-06-30 00:00:00,2013-08-30 00:00:00,16.85798811729852,1.0503262807174851,4.330264251339409,1.7578418552537505
sh600780,2013-10-28,5.9,5.95,5.7,5.75,-0.025424000000000002,4438580.0,25732421.0,5019410620.0,6592389510.0,0.005084627844214905,62.30600250973058,2013-06-30 00:00:00,2013-08-30 00:00:00,17.186771047435972,1.0708108931025364,4.41471780290906,1.7921252105312122
sh600780,2013-10-25,6.0,6.1,5.84,5.9,-0.018303,4824001.0,28752620.0,5150351770.0,6764364890.0,0.005526147954744458,63.93139427785066,2013-06-30 00:00:00,2013-08-30 00:00:00,17.635126503665152,1.0987453960517564,4.5298856147792055,1.838876814667314
sh600780,2013-10-24,6.19,6.2,6.0,6.01,-0.027507999999999998,5517796.0,33487753.0,5246375280.0,6890480160.0,0.006320926771368898,65.12334689608979,2013-06-30 00:00:00,2013-08-30 00:00:00,17.963920133875472,1.1192306750980763,4.614341914846643,1.8731612856790982
sh600780,2013-10-23,6.26,6.34,6.15,6.18,-0.01278,5578331.0,34727994.0,5394775240.0,7085385590.0,0.006390272818854266,66.96543199953294,2013-06-30 00:00:00,2013-08-30 00:00:00,18.47204926505871,1.1508893390362864,4.744863623399106,1.9261457016398063
sh600780,2013-10-22,6.28,6.34,6.24,6.26,0.0,7125861.0,44745286.0,5464610520.0,7177105790.0,0.008163050174708517,67.83232916627797,2013-06-30 00:00:00,2013-08-30 00:00:00,18.71117812145085,1.1657881110960946,4.806287983832485,1.9510805105648243
sh600780,2013-10-21,6.16,6.32,6.13,6.26,0.011309,7077840.0,44042195.0,5464610520.0,7177105790.0,0.008108039582663614,67.83232916627797,2013-06-30 00:00:00,2013-08-30 00:00:00,18.71117812145085,1.1657881110960946,4.806287983832485,1.9510805105648243
sh600780,2013-10-18,6.22,6.26,6.15,6.19,-0.004823,4132702.0,25565352.0,5403504650.0,7096850620.0,0.004734228438204454,67.07379165643535,2013-06-30 00:00:00,2013-08-30 00:00:00,18.501939685546997,1.1527516427680307,4.752541492098344,1.9292624811653256
sh600780,2013-10-17,6.24,6.37,6.21,6.22,0.0032259999999999997,7893032.0,49653708.0,5429692880.0,7131245690.0,0.009041885079879509,67.3988563405659,2013-06-30 00:00:00,2013-08-30 00:00:00,18.5916070061376,1.1583383084295866,4.7755740859147116,1.938612408813031
sh600780,2013-10-16,6.35,6.37,6.11,6.2,-0.032761,10370093.0,64767619.0,5412234060.0,7108315640.0,0.011879489299101008,67.18212679951067,2013-06-30 00:00:00,2013-08-30 00:00:00,18.53182334402976,1.1546135251973002,4.760217623860139,1.932378555592689
sh600780,2013-10-15,6.2,6.74,6.17,6.41,0.037217,18539812.0,119230605.0,5595551670.0,7349081170.0,0.02123833393535619,69.45762815551346,2013-06-30 00:00:00,2013-08-30 00:00:00,19.159507985130627,1.1937210195177206,4.921449221816055,1.9978294460755712
sh600780,2013-10-14,6.2,6.28,6.15,6.18,-0.0032259999999999997,7257624.0,44958018.0,5394775240.0,7085385590.0,0.008313991653895111,66.96537769388031,2013-06-30 00:00:00,2013-08-30 00:00:00,18.472034285140552,1.150888405721966,4.744859775549432,1.926144139630927
sh600780,2013-10-11,6.23,6.26,6.17,6.2,0.004862,4987920.0,30968373.0,5412234060.0,7108315640.0,0.005713925831212111,67.18210717161594,2013-06-30 00:00:00,2013-08-30 00:00:00,18.531817929782026,1.1546131878660215,4.760216233117468,1.9323779910299892
sh600780,2013-10-10,6.25,6.27,6.14,6.17,-0.015949,5030696.0,31091737.0,5386045830.0,7073920570.0,0.005762927999444817,66.85704820325174,2013-06-30 00:00:00,2013-08-30 00:00:00,18.442152185854404,1.1490266204374548,4.737184044294111,1.9230282277864919
sh600780,2013-10-09,6.26,6.28,6.12,6.27,0.0015970000000000001,6627183.0,41074866.0,5473339930.0,7188570820.0,0.007591788184440428,67.94063336478672,2013-06-30 00:00:00,2013-08-30 00:00:00,18.741053244043655,1.1676494617021425,4.813961923004103,1.954195694924848
sh600780,2013-10-08,6.26,6.31,6.18,6.26,0.0,5689078.0,35466333.0,5464610520.0,7177105790.0,0.006517139355066059,67.83230517342476,2013-06-30 00:00:00,2013-08-30 00:00:00,18.71117150315312,1.165787698747243,4.806286283808861,1.951079820451587
sh600780,2013-09-30,6.02,6.35,6.02,6.26,0.048576,7882837.0,49007892.0,5464610520.0,7177105790.0,0.009030206167373846,67.83230517342476,2013-06-30 00:00:00,2013-08-30 00:00:00,18.71117150315312,1.165787698747243,4.806286283808861,1.951079820451587
sh600780,2013-09-27,5.88,5.99,5.88,5.97,0.010152,4310440.0,25675043.0,5211457640.0,6844620060.0,0.004937836700904279,64.68992726652598,2013-06-30 00:00:00,2013-08-30 00:00:00,17.844363692429656,1.1117817866775923,4.58363178616415,1.860694714023196
sh600780,2013-09-26,6.03,6.03,5.88,5.91,-0.021523,5202386.0,30854111.0,5159081180.0,6775829910.0,0.005959607958717951,64.03979526499576,2013-06-30 00:00:00,2013-08-30 00:00:00,17.66502832487552,1.1006084100982747,4.537566411950034,1.841994782986319
sh600780,2013-09-25,6.15,6.2,6.03,6.04,-0.019481000000000002,6991360.0,42573252.0,5272563510.0,6924875240.0,0.008008972166937444,65.44844208396903,2013-06-30 00:00:00,2013-08-30 00:00:00,18.053595868758816,1.1248178650068164,4.63737667001885,1.882512090714773
sh600780,2013-09-24,6.26,6.32,6.1,6.16,-0.017544,6450762.0,39929952.0,5377316420.0,7062455540.0,0.007389688613488734,66.7487749691429,2013-06-30 00:00:00,2013-08-30 00:00:00,18.41228560462247,1.1471658019954905,4.729512299117967,1.9199139340642792
sh600780,2013-09-23,6.22,6.27,6.17,6.27,0.011290000000000001,5931170.0,36899919.0,5473339930.0,7188570820.0,0.006794468528469416,67.94072708512432,2013-06-30 00:00:00,2013-08-30 00:00:00,18.74107909628774,1.1676510724098488,4.813968563597725,1.9541983906294829
sh600780,2013-09-18,6.17,6.25,6.1,6.2,0.004862,3880824.0,24052827.0,5412234060.0,7108315640.0,0.004445688884342153,67.18223960003988,2013-06-30 00:00:00,2013-08-30 00:00:00,18.531854459440655,1.154615463823284,4.760225616388697,1.9323818001062831
sh600780,2013-09-17,6.37,6.42,6.13,6.17,-0.031397,6611335.0,41115449.0,5386045830.0,7073920570.0,0.00757363346646458,66.85717999092401,2013-06-30 00:00:00,2013-08-30 00:00:00,18.44218853876518,1.149028885382554,4.737193382164612,1.9230320184326635
sh600780,2013-09-16,6.47,6.55,6.32,6.37,-0.015456000000000001,6092640.0,38946276.0,5560634030.0,7303221070.0,0.006979440939759166,69.02433710294517,2013-06-30 00:00:00,2013-08-30 00:00:00,19.039987010947915,1.1862743408626177,4.890748203510224,1.9853665727162353
sh600780,2013-09-13,6.31,6.74,6.31,6.47,0.020505000000000002,14921202.0,97880100.0,5647928130.0,7417871320.0,0.01709302503819219,70.10792519475531,2013-06-30 00:00:00,2013-08-30 00:00:00,19.33888887743759,1.2048972324879519,4.967526289846086,2.0165341241389267
sh600780,2013-09-12,6.53,6.53,6.33,6.34,-0.033537,11918258.0,76044393.0,5534445800.0,7268826000.0,0.013652994075757322,68.69924713230735,2013-06-30 00:00:00,2013-08-30 00:00:00,18.950312715212167,1.180687240619058,4.867713818007835,1.9760159177455543
sh600780,2013-09-11,5.98,6.56,5.97,6.56,0.10067100000000001,24148184.0,151262449.0,5726492820.0,7521056550.0,0.02766302028472638,71.08316317573188,2013-06-30 00:00:00,2013-08-30 00:00:00,19.607902956670006,1.2216579844433342,5.036627183873398,2.0445851706123817
sh600780,2013-09-10,5.86,5.96,5.83,5.96,0.020548,7370002.0,43553760.0,5202728230.0,6833155040.0,0.008442726580780869,64.58166261828637,2013-06-30 00:00:00,2013-08-30 00:00:00,17.81449947956293,1.1099211157951234,4.575960649343353,1.857580667258774
sh600780,2013-09-09,5.72,5.85,5.71,5.84,0.022767,6480089.0,37514484.0,5097975310.0,6695574730.0,0.007423284237129818,63.28135728871781,2013-06-30 00:00:00,2013-08-30 00:00:00,17.455817344762742,1.0875736523858979,4.483826972708146,1.8201796164989532
sh600780,2013-09-06,5.74,5.79,5.69,5.71,-0.010399,4695376.0,26921841.0,4984492980.0,6546529410.0,0.005378801227642616,61.87270149380827,2013-06-30 00:00:00,2013-08-30 00:00:00,17.067247324916373,1.0633640432140437,4.384016078645621,1.7796620505931002
sh600780,2013-09-05,5.89,5.91,5.76,5.77,-0.015358000000000002,4590925.0,26664825.0,5036869440.0,6615319560.0,0.0052591470883946514,62.52287689059355,2013-06-30 00:00:00,2013-08-30 00:00:00,17.24659466281499,1.0745381655980983,4.430084527648639,1.7983632298199985
sh600780,2013-09-04,5.8,5.88,5.78,5.86,0.010345,4410895.0,25726532.0,5115434130.0,6718504780.0,0.00505291321188413,63.498080409523006,2013-06-30 00:00:00,2013-08-30 00:00:00,17.515599235879627,1.0912983252777135,4.4991829798532255,1.8264132850518244
sh600780,2013-09-03,5.77,5.87,5.73,5.8,0.0051990000000000005,5216338.0,30313414.0,5063057670.0,6649714630.0,0.005975590714533576,62.84791869066804,2013-06-30 00:00:00,2013-08-30 00:00:00,17.336255670963507,1.0801244379669455,4.453115500005666,1.8077124992471127
sh600780,2013-09-02,5.86,5.92,5.61,5.77,-0.015358000000000002,5927478.0,33873301.0,5036869440.0,6615319560.0,0.006790239149021896,62.5228623294174,2013-06-30 00:00:00,2013-08-30 00:00:00,17.246590646193944,1.0745379153450665,4.430083495910428,1.7983628109927614
sh600780,2013-08-30,6.01,6.02,5.84,5.86,-0.020066999999999998,4884448.0,28915147.0,5115434130.0,6718504780.0,0.005595393187088112,63.49806562122822,2013-06-30 00:00:00,2013-08-30 00:00:00,17.515595156609148,1.091298071121348,4.499181932022428,1.8264128596919098
sh600780,2013-08-29,6.08,6.09,5.97,5.98,-0.018062,4424312.0,26602078.0,5220187050.0,6856085090.0,0.0050682830915033976,64.798374604415,2013-03-31 00:00:00,2013-04-26 00:00:00,18.266236843812855,1.1403275381621958,4.975916561534252,1.9058886854107866
sh600780,2013-08-28,6.1,6.11,6.02,6.09,-0.004902,4749843.0,28816646.0,5316210560.0,6982200370.0,0.005441196044349304,65.99029124488004,2013-03-31 00:00:00,2013-04-26 00:00:00,18.60223032799714,1.1613029928184833,5.067444748583162,1.940946053020442
sh600780,2013-08-27,6.11,6.17,6.06,6.12,0.003279,4028201.0,24600174.0,5342398790.0,7016595440.0,0.004614517015492211,66.31536918462305,2013-03-31 00:00:00,2013-04-26 00:00:00,18.693867667302257,1.1670237432076873,5.092407731281906,1.9505074404937424
sh600780,2013-08-26,6.02,6.14,5.96,6.1,0.011609,4662591.0,28334848.0,5324939970.0,6993665390.0,0.005341244269463567,66.09863177104579,2013-03-31 00:00:00,2013-04-26 00:00:00,18.63277081181033,1.1632095789981525,5.075764300141741,1.9441326296012797
sh600780,2013-08-23,6.14,6.15,5.84,6.03,-0.009852,5967787.0,35798889.0,5263834100.0,6913410210.0,0.006836415230107651,65.340098566784,2013-03-31 00:00:00,2013-04-26 00:00:00,18.418945276100086,1.1498608444548757,5.017515957392373,1.921822195731038
sh600780,2013-08-22,5.92,6.12,5.92,6.09,0.023528999999999998,4821865.0,29032168.0,5316210560.0,6982200370.0,0.0055237010495686615,65.99023435565591,2013-03-31 00:00:00,2013-04-26 00:00:00,18.60221429129795,1.1613019916768763,5.0674403800162935,1.940944379760438
sh600780,2013-08-21,5.97,5.98,5.88,5.95,-0.005017,3251575.0,19289785.0,5193998820.0,6821690010.0,0.0037248509136164954,64.47324341142841,2013-03-31 00:00:00,2013-04-26 00:00:00,18.174584492767625,1.1346058506176926,4.950949489478357,1.8963257316211246
sh600780,2013-08-20,6.01,6.04,5.91,5.98,-0.004992,4333519.0,25902279.0,5220187050.0,6856085090.0,0.0049642749142485235,64.79833666648418,2013-03-31 00:00:00,2013-04-26 00:00:00,18.26622614935896,1.1403268705271274,4.975913648251637,1.9058875695575954
sh600780,2013-08-19,5.73,6.08,5.69,6.01,0.032646,8935533.0,53076363.0,5246375280.0,6890480160.0,0.010236125031833406,65.12343284323761,2013-03-31 00:00:00,2013-04-26 00:00:00,18.357868629557714,1.1460479418528569,5.000878031384307,1.915449493428792
sh600780,2013-08-16,5.75,6.38,5.61,5.82,0.0034479999999999997,10592931.0,62347878.0,5080516490.0,6672644680.0,0.01213476199542854,63.06462509246888,2013-03-31 00:00:00,2013-04-26 00:00:00,17.777504226576884,1.109816860621023,4.842780615413517,1.8548946041807084
sh600780,2013-08-15,5.94,5.98,5.78,5.8,-0.028475999999999998,6921564.0,40612543.0,5063057670.0,6649714630.0,0.007929017170369304,62.84792544553269,2013-03-31 00:00:00,2013-04-26 00:00:00,17.716418017253396,1.1060033610321842,4.826140084402498,1.8485209041033603
sh600780,2013-08-14,6.06,6.14,5.95,5.97,-0.027687,7848985.0,47358833.0,5211457640.0,6844620060.0,0.008991426907194433,64.69003899598228,2013-03-31 00:00:00,2013-04-26 00:00:00,18.235697746276358,1.1384210385252285,4.96759738761214,1.9027022534732647
sh600780,2013-08-13,5.95,6.28,5.93,6.14,0.018241999999999998,13842709.0,84079064.0,5359857600.0,7039525490.0,0.015857554361145713,66.53211362594378,2013-03-31 00:00:00,2013-04-26 00:00:00,18.754966503868978,1.1708380310920747,5.1090517020878465,1.956882458090414
sh600780,2013-08-12,5.66,6.16,5.64,6.03,0.069149,18933337.0,112726233.0,5263834100.0,6913410210.0,0.02168913760219001,65.34017809709654,2013-03-31 00:00:00,2013-04-26 00:00:00,18.41896769517362,1.149862244036363,5.017522064585674,1.9218245349243241
sh600780,2013-08-09,5.61,5.64,5.55,5.64,0.008945,6257850.0,35054286.0,4923387120.0,6466274230.0,0.007168697715567814,61.1141927805166,2013-03-31 00:00:00,2013-04-26 00:00:00,17.22769014905651,1.0754929799647786,4.693005431970356,1.797527318385299
sh600780,2013-08-08,5.59,5.64,5.55,5.59,0.0,5396387.0,30200958.0,4879740070.0,6408949100.0,0.006181846347811718,60.572372904882435,2013-03-31 00:00:00,2013-04-26 00:00:00,17.074954679448844,1.0659579857819592,4.651398670859518,1.781590987006526
sh600780,2013-08-07,5.56,5.74,5.54,5.59,0.0,9398400.0,52842641.0,4879740070.0,6408949100.0,0.010766363627233119,60.572372904882435,2013-03-31 00:00:00,2013-04-26 00:00:00,17.074954679448844,1.0659579857819592,4.651398670859518,1.781590987006526
sh600780,2013-08-06,5.58,5.66,5.47,5.59,0.0035909999999999996,7798919.0,43421767.0,4879740070.0,6408949100.0,0.00893407365650933,60.572372904882435,2013-03-31 00:00:00,2013-04-26 00:00:00,17.074954679448844,1.0659579857819592,4.651398670859518,1.781590987006526
sh600780,2013-08-05,5.51,5.62,5.46,5.57,0.010889,6072815.0,33605389.0,4862281250.0,6386019050.0,0.006956730351622503,60.3556358166648,2013-03-31 00:00:00,2013-04-26 00:00:00,17.01385791567366,1.0621438272981316,4.6347552647039665,1.7752161856837358
sh600780,2013-08-02,5.45,5.52,5.42,5.51,0.014733000000000001,6110139.0,33460073.0,4809904790.0,6317228900.0,0.006999486966975909,59.705502598865756,2013-03-31 00:00:00,2013-04-26 00:00:00,16.830589625244375,1.0507027253220995,4.584831039514691,1.7560940772762748
sh600780,2013-08-01,5.39,5.52,5.38,5.43,0.005556,7377104.0,40151891.0,4740069510.0,6225508700.0,0.00845086229969653,58.83863301860268,2013-03-31 00:00:00,2013-04-26 00:00:00,16.586224775625087,1.0354474776341158,4.518263463901037,1.7305971888923237
sh600780,2013-07-31,5.5,5.56,5.37,5.4,-0.018182,4536506.0,24701517.0,4713881280.0,6191113620.0,0.005196807247551216,58.513531835723406,2013-03-31 00:00:00,2013-04-26 00:00:00,16.494580884232295,1.0297263182101402,4.493298696344149,1.7210351177779495
sh600780,2013-07-30,5.35,5.53,5.23,5.5,0.037736,5744561.0,31119455.0,4801175380.0,6305763880.0,0.006580698058149253,59.59712679511213,2013-03-31 00:00:00,2013-04-26 00:00:00,16.800039196910525,1.0487955183243132,4.57650877896326,1.7529064630898494
sh600780,2013-07-29,5.34,5.43,5.25,5.3,-0.009346,4187408.0,22373520.0,4626587180.0,6076463370.0,0.004796897051013745,57.42995019456985,2013-03-31 00:00:00,2013-04-26 00:00:00,16.189126325877222,1.0106573524714504,4.410089636442467,1.6891641641899766
sh600780,2013-07-26,5.45,5.47,5.31,5.35,-0.020146999999999998,5202758.0,27943898.0,4670234230.0,6133788500.0,0.005960034107325704,57.971754209410996,2013-03-31 00:00:00,2013-04-26 00:00:00,16.341857324431356,1.0201920675346292,4.451695179590923,1.705100029061586
sh600780,2013-07-25,5.51,5.55,5.37,5.46,-0.007273000000000001,6755241.0,36940273.0,4766257740.0,6259903780.0,0.007738485384552452,59.1637257929618,2013-03-31 00:00:00,2013-04-26 00:00:00,16.6778662967112,1.0411684890842088,4.543227585761256,1.7401590126902569
sh600780,2013-07-24,5.51,5.54,5.4,5.5,-0.014337,6259210.0,34226692.0,4801175380.0,6305763880.0,0.007170255671851754,59.59717605440549,2013-03-31 00:00:00,2013-04-26 00:00:00,16.800053082782274,1.0487963851937228,4.576512561621932,1.7529079119337512
sh600780,2013-07-23,5.5,5.7,5.41,5.58,0.00722,12190342.0,67468863.0,4871010660.0,6397484080.0,0.01396468066033754,60.4640491267355,2013-03-31 00:00:00,2013-04-26 00:00:00,17.044418916792328,1.0640516943354095,4.643080405394067,1.7784049030284703
sh600780,2013-07-22,5.37,5.55,5.3,5.54,0.031657,4770002.0,25956096.0,4836093020.0,6351623980.0,0.005464289245619184,60.030627992628716,2013-03-31 00:00:00,2013-04-26 00:00:00,16.922240341526503,1.0564243108113514,4.609797666243787,1.7656568604956913
sh600780,2013-07-19,5.71,5.76,5.35,5.37,-0.066087,6965673.0,38747474.0,4687693050.0,6156718550.0,0.007979546359162745,58.18855297121884,2013-03-31 00:00:00,2013-04-26 00:00:00,16.402971473587154,1.0240073113557622,4.468343321708462,1.7114766443650276
sh600780,2013-07-18,5.89,5.89,5.68,5.75,-0.025424000000000002,7534290.0,43224806.0,5019410620.0,6592389510.0,0.008630927170489192,62.306181594237195,2013-03-31 00:00:00,2013-04-26 00:00:00,17.56370397840822,1.0964697047324132,4.784539161258556,1.8325868087980655
sh600780,2013-07-17,5.96,6.16,5.89,5.9,-0.018303,7255278.0,43539191.0,5150351770.0,6764364890.0,0.008311304181073441,63.93157803417814,2013-03-31 00:00:00,2013-04-26 00:00:00,18.021892575241154,1.1250735753111232,4.909354592416145,1.8803939444415474
sh600780,2013-07-16,6.0,6.06,5.9,6.01,-0.011512999999999999,6242756.0,37315626.0,5246375280.0,6890480160.0,0.0071514067442007305,65.12353407841537,2013-03-31 00:00:00,2013-04-26 00:00:00,18.357897167090407,1.1460497233984857,5.000885805310747,1.9154524710186007
sh600780,2013-07-15,5.96,6.15,5.88,6.08,0.0,9558983.0,57465245.0,5307481150.0,6970735340.0,0.010950319934720823,65.8820339351103,2013-03-31 00:00:00,2013-04-26 00:00:00,18.57171330234025,1.1593978710883255,5.059131587275044,1.9377619240501904
sh600780,2013-07-12,6.15,6.38,5.98,6.08,0.030507999999999997,20917517.0,129099334.0,5307481150.0,6970735340.0,0.023962120592741058,65.8820339351103,2013-03-31 00:00:00,2013-04-26 00:00:00,18.57171330234025,1.1593978710883255,5.059131587275044,1.9377619240501904
sh600780,2013-07-11,5.37,5.9,5.31,5.9,0.100746,10120013.0,58076854.0,5150351770.0,6764364890.0,0.01159300944214923,63.931608425272096,2013-03-31 00:00:00,2013-04-26 00:00:00,18.02190114229123,1.1250741101362878,4.909356926171407,1.8803948383226434
sh600780,2013-07-10,5.19,5.38,5.16,5.36,0.028791000000000004,4648657.0,24522673.0,4678963640.0,6145253520.0,0.005325282143034563,58.080255050004354,2013-03-31 00:00:00,2013-04-26 00:00:00,16.372442999830323,1.022101474941801,4.460027041816557,1.7082913209065882
sh600780,2013-07-09,5.25,5.32,5.17,5.21,-0.007619,3140813.0,16488620.0,4548022500.0,5973278140.0,0.0035979671890365534,56.454863086870276,2013-03-31 00:00:00,2013-04-26 00:00:00,15.914255664979889,0.9934976831463349,4.335211954436379,1.6604843169376369
sh600780,2013-07-08,5.58,5.58,5.23,5.25,-0.075704,4965318.0,26772465.0,4582940130.0,6019138250.0,0.005688034048134074,56.88829500652499,2013-03-31 00:00:00,2013-04-26 00:00:00,16.03643728062094,1.0011252564754212,4.3684955218171035,1.6732326767014252
sh600780,2013-07-05,5.69,5.78,5.61,5.68,0.0,5071038.0,28916051.0,4958304760.0,6512134330.0,0.005809141880984338,61.54770225828629,2013-03-31 00:00:00,2013-04-26 00:00:00,17.34989362782154,1.083121918168445,4.7262949550978295,1.8102779593349154
sh600780,2013-07-04,5.57,5.73,5.46,5.68,0.012478,6885208.0,39155713.0,4958304760.0,6512134330.0,0.007887369440356869,61.54770225828629,2013-03-31 00:00:00,2013-04-26 00:00:00,17.34989362782154,1.083121918168445,4.7262949550978295,1.8102779593349154
sh600780,2013-07-03,5.72,5.8,5.54,5.61,-0.031088,3731805.0,21044919.0,4897198890.0,6431879150.0,0.004274979742552381,60.7891749334665,2013-03-31 00:00:00,2013-04-26 00:00:00,17.136069749487437,1.0697732870921097,4.668047063835292,1.7879676983943507
sh600780,2013-07-02,5.8,5.83,5.7,5.79,-0.0017239999999999998,3579571.0,20588689.0,5054328260.0,6638249610.0,0.004100587659496417,62.739624376069756,2013-03-31 00:00:00,2013-04-26 00:00:00,17.685888656025973,1.1040974692150678,4.817823562754195,1.8453354880467479
sh600780,2013-07-01,5.68,5.9,5.63,5.8,0.021127,5031353.0,29022850.0,5063057670.0,6649714630.0,0.0057636806258223,62.84797428373491,2013-03-31 00:00:00,2013-04-26 00:00:00,17.716431784422316,1.1060042204911944,4.8261438347252605,1.8485223405618765
sh600780,2013-06-28,5.4,5.7,5.15,5.68,0.037701,6355041.0,34853938.0,4958304760.0,6512134330.0,0.007280035138461315,61.547656935655326,2013-03-31 00:00:00,2013-04-26 00:00:00,17.349880851669102,1.083121120576769,4.726291474738461,1.8102766262784906
sh600780,2013-06-27,5.76,5.86,5.55,5.57,-0.032986,6917988.0,39444339.0,4862281250.0,6386019050.0,0.007924920665582643,59.31155210957234,2013-03-31 00:00:00,2013-04-26 00:00:00,16.719537565897213,1.0437699497030157,4.554579281255835,1.7445069690387605
sh600780,2013-06-26,5.71,5.82,5.62,5.76,0.008757,4613981.0,26398413.0,5028140030.0,6603854530.0,0.005285558954490772,61.33473983786413,2013-03-31 00:00:00,2013-04-26 00:00:00,17.28986091814308,1.0793741866229607,4.709941408558548,1.8040141808068555
sh600780,2013-06-25,5.74,5.82,5.23,5.71,-0.015517,8433768.0,47082074.0,4984492980.0,6546529410.0,0.0096613267333762,60.802294148010006,2013-03-31 00:00:00,2013-04-26 00:00:00,17.13976797002953,1.070004160192158,4.669054498316788,1.788353568606568
sh600780,2013-06-24,6.22,6.28,5.75,5.8,-0.067524,6939671.0,41732047.0,5063057670.0,6649714630.0,0.00794975969531076,61.76063390430308,2013-03-31 00:00:00,2013-04-26 00:00:00,17.409917662396946,1.0868691081432165,4.742646138447071,1.8165408327076935
sh600780,2013-06-21,6.28,6.38,5.88,6.22,-0.029641000000000004,7889296.0,48556634.0,5429692880.0,7131245690.0,0.009037605294537395,66.23294744776604,2013-03-31 00:00:00,2013-04-26 00:00:00,18.670633520216015,1.1655732781789736,5.086078503304183,1.9480832029003357
sh600780,2013-06-20,6.9,6.91,6.3,6.41,-0.079023,7937451.0,52321988.0,5595551670.0,7349081170.0,0.009092769383720122,68.25612731758662,2013-03-31 00:00:00,2013-04-26 00:00:00,19.240954657210388,1.201177376804846,5.241440027148904,2.007590183530359
sh600780,2013-06-19,7.03,7.03,6.82,6.96,-0.009956999999999999,3471367.0,23975169.0,6075669210.0,7979657560.0,0.003976634257874615,74.11273823079905,2013-03-31 00:00:00,2013-04-26 00:00:00,20.8918948651382,1.304242534617961,5.691173641848715,2.1798483388079823
sh600780,2013-06-18,7.0,7.03,6.83,7.03,0.007162999999999999,4385491.0,30444716.0,6136775080.0,8059912740.0,0.0050238115831352905,74.85810033584303,2013-03-31 00:00:00,2013-04-26 00:00:00,21.102007554356934,1.3173594829900932,5.748410565852912,2.201771376402825
sh600780,2013-06-17,7.27,7.35,6.88,6.98,-0.029207,10559373.0,74207241.0,6093128030.0,8002587610.0,0.012096319522109239,74.3257053087167,2013-03-31 00:00:00,2013-04-26 00:00:00,20.95192888773409,1.3079903481264634,5.707527546040622,2.186112254325094
sh600780,2013-06-14,7.24,7.36,7.08,7.19,-0.004155,7367344.0,53011516.0,6276445630.0,8243353140.0,0.00843968170564715,76.56184717928198,2013-03-31 00:00:00,2013-04-26 00:00:00,21.5822826161026,1.3473421709122988,5.879242584197272,2.251883001139372
sh600780,2013-06-13,7.68,7.68,7.22,7.22,-0.068387,5973551.0,44100561.0,6302633860.0,8277748220.0,0.006843018201282598,76.88128893480611,2013-03-31 00:00:00,2013-04-26 00:00:00,21.672331152039327,1.3529637352321886,5.903772760015135,2.261278613779626
sh600780,2013-06-07,7.8,7.8,7.49,7.75,-0.001289,5407214.0,41408474.0,6765292580.0,8885394550.0,0.006194249251523132,82.52492068574195,2013-03-31 00:00:00,2013-04-26 00:00:00,23.263233930869713,1.4522808668751817,6.337151542555906,2.427272498107719
sh600780,2013-06-06,7.93,7.97,7.75,7.76,-0.016477000000000002,4338041.0,34130041.0,6774021990.0,8896859580.0,0.004969455105060856,82.63143260236639,2013-03-31 00:00:00,2013-04-26 00:00:00,23.29325894164549,1.454155273022107,6.345330673794427,2.4304052905272084
sh600780,2013-06-05,7.94,8.03,7.85,7.89,0.0,4327188.0,34353080.0,6887504320.0,9045904910.0,0.004957022418245104,84.01576028457534,2013-03-31 00:00:00,2013-04-26 00:00:00,23.68349183663777,1.4785167942408128,6.451634251353986,2.4711219671804403
sh600780,2013-06-04,8.02,8.02,7.8,7.89,-0.016209,6169301.0,48573554.0,6887504320.0,9045904910.0,0.007067260161079652,84.01576028457534,2013-03-31 00:00:00,2013-04-26 00:00:00,23.68349183663777,1.4785167942408128,6.451634251353986,2.4711219671804403
sh600780,2013-06-03,8.2,8.25,8.0,8.02,-0.020756999999999998,7679565.0,61925040.0,7000986640.0,9194950230.0,0.008797347355029376,85.40000903095813,2013-03-31 00:00:00,2013-04-26 00:00:00,24.073702480138333,1.5028769263398558,6.557931767371308,2.5118363221257773
sh600780,2013-05-31,8.47,8.65,8.18,8.19,-0.031915,9723480.0,81658507.0,7149386610.0,9389855660.0,0.01113875994461013,87.21023181269422,2013-03-31 00:00:00,2013-04-26 00:00:00,24.58399241060527,1.5347333872591948,6.6969401541510205,2.565079681065657
sh600780,2013-05-30,8.23,8.51,8.18,8.46,0.034230000000000003,15958674.0,134318616.0,7385080670.0,9699411340.0,0.018281504031289073,90.08530429940988,2013-03-31 00:00:00,2013-04-26 00:00:00,25.394456489466595,1.5853291676445713,6.9177191611800835,2.6496430386439798
sh600780,2013-05-29,8.08,8.19,8.03,8.18,0.008631,7808473.0,63521550.0,7140657200.0,9378390640.0,0.008945018273668143,87.1037431706776,2013-03-31 00:00:00,2013-04-26 00:00:00,24.553973960788795,1.5328593907008803,6.68876281018737,2.561947573212902
sh600780,2013-05-28,8.08,8.13,7.85,8.11,-0.00246,10913449.0,87179026.0,7079551330.0,9298135460.0,0.012501932292649962,86.35838395872979,2013-03-31 00:00:00,2013-04-26 00:00:00,24.34386208711491,1.5197424932417112,6.631526108346234,2.540024620711541
sh600780,2013-05-27,8.25,8.33,8.08,8.13,-0.015738,15579329.0,127124145.0,7097010150.0,9321065510.0,0.0178469442896316,86.57134947844676,2013-03-31 00:00:00,2013-04-26 00:00:00,24.403895670464255,1.5234902793288605,6.6478798928827265,2.54628849039792
sh600780,2013-05-24,8.21,8.35,8.1,8.26,0.001212,17351714.0,143276672.0,7210492480.0,9470110840.0,0.019877304918845155,87.95559462668149,2013-03-31 00:00:00,2013-04-26 00:00:00,24.794105299670466,1.5478503481073742,6.754177132595514,2.5870027395123656
sh600780,2013-05-23,7.84,8.28,7.75,8.25,0.046954,23722859.0,189857218.0,7201763070.0,9458645810.0,0.02717578804630128,87.84912149143386,2013-03-31 00:00:00,2013-04-26 00:00:00,24.764091221110483,1.5459766244385549,6.746000979408472,2.5838710877540083
sh600780,2013-05-22,7.67,7.9,7.62,7.88,0.028720999999999997,14833748.0,114665483.0,6878774910.0,9034439880.0,0.016992841860557408,83.9092467209007,2013-03-31 00:00:00,2013-04-26 00:00:00,23.653466361569357,1.476642359108953,6.443454993637229,2.4679891263169234
sh600780,2013-05-21,7.56,7.68,7.54,7.66,0.01457,7204180.0,54974403.0,6686727890.0,8782209330.0,0.008252768724524845,81.56657317280457,2013-03-31 00:00:00,2013-04-26 00:00:00,22.993082051955152,1.4354157824220106,6.263559306787,2.399085005863517
sh600780,2013-05-20,7.64,7.67,7.54,7.55,-0.00527,8243667.0,62548319.0,6590704380.0,8656094050.0,0.009443555993631138,80.3952148918306,2013-03-31 00:00:00,2013-04-26 00:00:00,22.662883834486678,1.414802115597751,6.173609811828656,2.364632313062201
sh600780,2013-05-17,7.54,7.67,7.43,7.59,0.005298,7677110.0,57698898.0,6625622020.0,8701954150.0,0.008794535022388736,80.82114231181386,2013-03-31 00:00:00,2013-04-26 00:00:00,22.782949980885952,1.4222976240766352,6.206317102961262,2.3771599459775024
sh600780,2013-05-16,7.5,7.55,7.35,7.55,0.006667,5811308.0,43177888.0,6590704380.0,8656094050.0,0.006657160277609053,80.39520849719571,2013-03-31 00:00:00,2013-04-26 00:00:00,22.66288203188104,1.4148020030643997,6.17360932077977,2.3646321249793614
sh600780,2013-05-15,7.53,7.54,7.43,7.5,0.005362,3717905.0,27832436.0,6547057340.0,8598768920.0,0.004259056558071936,79.86276345325287,2013-03-31 00:00:00,2013-04-26 00:00:00,22.51278926584565,1.4054319880004014,6.132722460138031,2.3489715317770044
sh600780,2013-05-14,7.69,7.69,7.46,7.46,-0.031169,6814379.0,51253071.0,6512139700.0,8552908820.0,0.007806231082542654,79.43682320721578,2013-03-31 00:00:00,2013-04-26 00:00:00,22.39271950386592,1.3979362538074853,6.100014184082977,2.3364435216141093
sh600780,2013-05-13,7.77,7.77,7.63,7.7,-0.001297,4442077.0,34232043.0,6721645530.0,8828069430.0,0.0050886338393390405,81.99244574875884,2013-03-31 00:00:00,2013-04-26 00:00:00,23.113132738182323,1.4429103257508122,6.296262386404829,2.4116110256733205
sh600780,2013-05-10,7.85,7.85,7.69,7.71,-0.014066,7229041.0,55902599.0,6730374940.0,8839534450.0,0.008281248311851107,82.09892805845064,2013-03-31 00:00:00,2013-04-26 00:00:00,23.14314940295796,1.4447842108723137,6.304439244104432,2.4147429472759376
sh600780,2013-05-09,7.94,7.96,7.73,7.82,-0.017588,7848857.0,61296890.0,6826398450.0,8965649730.0,0.008991280276058307,83.27020678711825,2013-03-31 00:00:00,2013-04-26 00:00:00,23.473325195152977,1.4653964777280362,6.3943826301805515,2.4491933002370723
sh600780,2013-05-08,7.75,8.1,7.64,7.96,0.027097000000000003,15655674.0,124006433.0,6948610180.0,9126160080.0,0.017934401529486867,84.76098295533671,2013-03-31 00:00:00,2013-04-26 00:00:00,23.893565220246685,1.4916312888360856,6.5088604680933795,2.4930409036504773
sh600780,2013-05-07,7.77,7.78,7.63,7.75,-0.001289,7523714.0,57951446.0,6765292580.0,8885394550.0,0.008618811797197985,82.52480822681471,2013-03-31 00:00:00,2013-04-26 00:00:00,23.263202229435667,1.4522788878130162,6.337142906749197,2.4272691903982557
sh600780,2013-05-06,7.8,7.82,7.6,7.76,0.0,7999421.0,61875570.0,6774021990.0,8896859580.0,0.009163759292727067,82.63131999829253,2013-03-31 00:00:00,2013-04-26 00:00:00,23.293227199295554,1.454153291405638,6.345322026841795,2.4304019785486046
sh600780,2013-05-03,7.67,7.85,7.64,7.76,0.010417000000000001,9066805.0,70365983.0,6774021990.0,8896859580.0,0.010386504044992036,82.63131999829253,2013-03-31 00:00:00,2013-04-26 00:00:00,23.293227199295554,1.454153291405638,6.345322026841795,2.4304019785486046
sh600780,2013-05-02,7.46,7.7,7.45,7.68,0.022636,6485247.0,49279620.0,6704186710.0,8805139380.0,0.007429192997520201,81.77942374118065,2013-03-31 00:00:00,2013-04-26 00:00:00,23.053083231275366,1.4391615455852764,6.2799042641224325,2.4053454945320647
sh600780,2013-04-26,7.62,7.87,7.5,7.51,-0.014436000000000001,11793224.0,90822511.0,6555786740.0,8610233950.0,0.013509761032891683,79.96924002399744,2013-03-31 00:00:00,2013-04-26 00:00:00,22.542804312849697,1.4073057721274005,6.140898877139502,2.3521032845822605
sh600780,2013-04-25,7.5,7.64,7.3,7.62,0.017356,9316891.0,69837604.0,6651810250.0,8736349230.0,0.010672990772699809,81.14058551651384,2012-12-31 00:00:00,2013-03-30 00:00:00,21.751224413802845,1.3304736902607832,6.746287034831615,2.281617599849521
sh600780,2013-04-24,7.36,7.58,7.35,7.49,0.017662999999999998,5360945.0,40182182.0,6538327930.0,8587303900.0,0.006141245664011839,79.7563345736535,2012-12-31 00:00:00,2013-03-30 00:00:00,21.38015052135422,1.3077759311988955,6.631195997105846,2.2426934129739453
sh600780,2013-04-23,7.6,7.64,7.35,7.36,-0.037908,6526601.0,48565988.0,6424845600.0,8438258570.0,0.007476566185497128,78.37204907091396,2012-12-31 00:00:00,2013-03-30 00:00:00,21.00906736449515,1.2850776054537656,6.516102085961508,2.203768254298275
sh600780,2013-04-22,7.55,7.66,7.39,7.65,0.009235,8719777.0,65707095.0,6677998480.0,8770744300.0,0.009988965144238847,81.46003612015689,2012-12-31 00:00:00,2013-03-30 00:00:00,21.836859016076577,1.3357117671218197,6.772847176737265,2.2906003316712695
sh600780,2013-04-19,7.57,7.78,7.5,7.58,0.0013210000000000001,13791296.0,105871645.0,6616892610.0,8690489120.0,0.015798658047134304,80.71463645251788,2012-12-31 00:00:00,2013-03-30 00:00:00,21.637040942968262,1.3234893430388557,6.7108722713117,2.269640204383785
sh600780,2013-04-18,7.44,7.62,7.29,7.57,0.005312,8629659.0,64593358.0,6608163200.0,8679024100.0,0.009885730217740385,80.60815308229618,2012-12-31 00:00:00,2013-03-30 00:00:00,21.60849611959428,1.3217433201129865,6.702018904339068,2.2666459650639355
sh600780,2013-04-17,7.57,7.69,7.33,7.53,-0.013106,6193689.0,46385326.0,6573245560.0,8633164000.0,0.007095197911638647,80.18222510255144,2012-12-31 00:00:00,2013-03-30 00:00:00,21.494318300780538,1.314759318612517,6.66660589383104,2.25466916247288
sh600780,2013-04-16,7.5,7.67,7.43,7.63,0.021419,6628650.0,50222970.0,6660539660.0,8747814250.0,0.007593468710011405,81.2470489257726,2012-12-31 00:00:00,2013-03-30 00:00:00,21.77976388627404,1.332219385883911,6.755138742186129,2.284611277880785
sh600780,2013-04-15,7.75,7.75,7.45,7.47,-0.044757,10857699.0,82134616.0,6520869110.0,8564373850.0,0.012438067711805367,79.54331075275925,2012-12-31 00:00:00,2013-03-30 00:00:00,21.323045573142892,1.3042829493909072,6.613484517309868,2.2367033292711267
sh600780,2013-04-12,8.06,8.09,7.79,7.82,-0.026151999999999998,8982289.0,71023290.0,6826398450.0,8965649730.0,0.01028968650079311,83.27023673846263,2012-12-31 00:00:00,2013-03-30 00:00:00,22.322116543270024,1.3653938834316577,6.9233530288208005,2.3415019312061185
sh600780,2013-04-11,8.08,8.25,7.93,8.03,0.002497,13098147.0,105326509.0,7009716050.0,9206415260.0,0.01500461925415652,85.50640011425051,2012-12-31 00:00:00,2013-03-30 00:00:00,22.92156121208857,1.4020605714974594,7.109274782944362,2.404381311258142
sh600780,2013-04-10,7.8,8.39,7.68,8.01,0.021684000000000002,33206456.0,269741019.0,6992257230.0,9183485210.0,0.03803974937003283,85.29342243842179,2012-12-31 00:00:00,2013-03-30 00:00:00,22.864468633909695,1.398568346336657,7.091567139796291,2.39839252512291
sh600780,2013-04-09,7.15,7.87,7.15,7.84,0.09650299999999999,28132640.0,215841287.0,6843857270.0,8988579780.0,0.03222742510525793,83.48317330840239,2012-12-31 00:00:00,2013-03-30 00:00:00,22.379198102260286,1.368885434573368,6.941057254294177,2.3474895614719524
sh600780,2013-04-08,7.12,7.26,6.91,7.15,-0.013793000000000001,13137854.0,93503435.0,6241527990.0,8197493040.0,0.01505010571938491,76.13583666292057,2012-12-31 00:00:00,2013-03-30 00:00:00,20.409609551693233,1.2484101133999341,6.330176255144013,2.1408874954942685
sh600780,2013-04-03,7.09,7.29,6.82,7.25,0.011158,22403915.0,157955674.0,6328822090.0,8312143290.0,0.025664868033918774,77.20066544135315,2012-12-31 00:00:00,2013-03-30 00:00:00,20.695056465522182,1.2658702619226332,6.418709515491184,2.17082975023932
sh600780,2013-04-02,7.74,7.85,6.83,7.17,-0.027137,49193247.0,358798518.0,6258986810.0,8220423090.0,0.05635346290017186,76.3487659113147,2012-12-31 00:00:00,2013-03-30 00:00:00,20.4666891480087,1.2519015444892225,6.347879871880739,2.1468749198832624
sh600780,2013-04-01,7.37,7.37,7.02,7.37,0.09852899999999999,31624536.0,232584540.0,6433575010.0,8449723590.0,0.0362275764186668,78.47843520754175,2012-12-31 00:00:00,2013-03-30 00:00:00,21.03758612261819,1.2868220340266023,6.524947368623063,2.206759759476167
